"sample_id"	"deletion_unit"
"mouse_1"	"mouse_1"
"mouse_2"	"mouse_2"
"mouse_3"	"mouse_3"
"mouse_4"	"mouse_4"
"mouse_5"	"mouse_5"
"mouse_6"	"mouse_6"
"mouse_7"	"mouse_7"
"mouse_8"	"mouse_8"
"mouse_9"	"mouse_9"
"mouse_10"	"mouse_10"
"mouse_11"	"mouse_11"
"mouse_12"	"mouse_12"
"mouse_13"	"mouse_13"
"mouse_14"	"mouse_14"
"mouse_15"	"mouse_15"
"mouse_16"	"mouse_16"
"mouse_17"	"mouse_17"
"mouse_18"	"mouse_18"
"mouse_19"	"mouse_19"
"mouse_20"	"mouse_20"
"mouse_21"	"mouse_21"
"mouse_22"	"mouse_22"
"mouse_23"	"mouse_23"
"mouse_24"	"mouse_24"
"mouse_25"	"mouse_25"
"mouse_26"	"mouse_26"
"mouse_27"	"mouse_27"
"mouse_28"	"mouse_28"
"mouse_29"	"mouse_29"
"mouse_30"	"mouse_30"
"mouse_31"	"mouse_31"
"mouse_32"	"mouse_32"
"mouse_33"	"mouse_33"
"mouse_34"	"mouse_34"
"mouse_35"	"mouse_35"
"mouse_36"	"mouse_36"
"mouse_37"	"mouse_37"
"mouse_38"	"mouse_38"
"mouse_39"	"mouse_39"
"mouse_40"	"mouse_40"
