sample_id,C14.0,C16.0,C18.0,C16.1n.9,C16.1n.7,C18.1n.9,C18.1n.7,C20.1n.9,C20.3n.9,C18.2n.6,C18.3n.6,C20.2n.6,C20.3n.6,C20.4n.6,C22.4n.6,C22.5n.6,C18.3n.3,C20.3n.3,C20.5n.3,C22.5n.3,C22.6n.3
mouse_1,0.34000000000000002,26.449999999999999,10.220000000000001,0.34999999999999998,3.1000000000000001,16.98,2.4100000000000001,0.26000000000000001,0,8.9299999999999997,0,0,0.78000000000000003,3.0699999999999998,0,0,5.9699999999999998,0.37,8.6199999999999992,1.75,10.390000000000001
mouse_2,0.38,24.039999999999999,9.9299999999999997,0.55000000000000004,2.54,20.07,3.9199999999999999,0.23000000000000001,0,14.98,0.29999999999999999,0.29999999999999999,1.6399999999999999,15.34,0.57999999999999996,2.1000000000000001,0,0,0,0.47999999999999998,2.6099999999999999
mouse_3,0.35999999999999999,23.699999999999999,8.9600000000000009,0.55000000000000004,2.6499999999999999,22.890000000000001,3.96,0.26000000000000001,0.19,16.059999999999999,0.27000000000000002,0.33000000000000002,1.51,13.27,0.54000000000000004,1.77,0,0,0,0.22,2.5099999999999998
mouse_4,0.22,25.48,8.1400000000000006,0.48999999999999999,2.8199999999999998,21.920000000000002,2.52,0,0,13.890000000000001,0,0,1.1000000000000001,3.9199999999999999,0,0,0.48999999999999999,0,2.9900000000000002,1.04,14.99
mouse_5,0.37,24.800000000000001,9.6300000000000008,0.46000000000000002,2.8500000000000001,21.379999999999999,2.96,0.29999999999999999,0.27000000000000002,14.550000000000001,0.27000000000000002,0.23000000000000001,1.5800000000000001,11.85,0.32000000000000001,0.44,0.41999999999999998,0,0.29999999999999999,0.34999999999999998,6.6900000000000004
mouse_6,1.7,26.039999999999999,6.5899999999999999,0.66000000000000003,7.2599999999999998,28.23,8.9900000000000002,0.35999999999999999,2.8900000000000001,3.4700000000000002,2.6600000000000001,0,0.81000000000000005,5.0899999999999999,0,0.56000000000000005,0,0,0,2.1299999999999999,2.5600000000000001
mouse_7,0.34999999999999998,25.940000000000001,9.6799999999999997,0.35999999999999999,3.6000000000000001,17.620000000000001,2.1499999999999999,0.25,0,8.7300000000000004,0,0,0.68000000000000005,2.5699999999999998,0,0,8.4000000000000004,0.41999999999999998,7.3700000000000001,2.0499999999999998,9.8399999999999999
mouse_8,0.34000000000000002,28.629999999999999,9.9499999999999993,0.28999999999999998,3.27,17.02,1.99,0.31,0,7.75,0,0,0.71999999999999997,2.6400000000000001,0,0,6.0099999999999998,0.39000000000000001,7.96,2.3300000000000001,10.4
mouse_9,0.22,25.34,8.8100000000000005,0.44,2.3599999999999999,18.390000000000001,1.8100000000000001,0,0,15.65,0,0,1.0700000000000001,4.2300000000000004,0,0,0.55000000000000004,0,3.1299999999999999,1.6499999999999999,16.359999999999999
mouse_10,1.3799999999999999,28.489999999999998,5.6299999999999999,0.90000000000000002,7.0099999999999998,36.68,8.8499999999999996,0.20999999999999999,2.0299999999999998,2.3100000000000001,0,0,0.58999999999999997,3.6699999999999999,0,0.39000000000000001,0,0,0,0,1.8600000000000001
mouse_11,0.26000000000000001,25.73,8.3000000000000007,0.42999999999999999,2.7400000000000002,21.75,2.6400000000000001,0,0,12.640000000000001,0,0,1.05,3.75,0,0,0.42999999999999999,0,2.8999999999999999,1.1599999999999999,16.210000000000001
mouse_12,0.44,24.280000000000001,8.6300000000000008,0.53000000000000003,3.3300000000000001,23.859999999999999,3.02,0.26000000000000001,0.20000000000000001,15.02,0.23000000000000001,0.20999999999999999,1.3200000000000001,10.300000000000001,0.27000000000000002,0.28999999999999998,0.53000000000000003,0,0.25,0.42999999999999999,6.6100000000000003
mouse_13,0.32000000000000001,24.629999999999999,9.9900000000000002,0.45000000000000001,2.3900000000000001,17.93,3.4900000000000002,0.27000000000000002,0.20999999999999999,15.74,0.28000000000000003,0.35999999999999999,1.6399999999999999,15.76,0.71999999999999997,2.52,0,0,0,0,3.27
mouse_14,0.34000000000000002,26.039999999999999,9.8100000000000005,0.34999999999999998,2.3599999999999999,20.140000000000001,2.3300000000000001,0.26000000000000001,0.22,15.529999999999999,0.29999999999999999,0.19,1.3700000000000001,11.76,0.31,0.45000000000000001,0.54000000000000004,0,0.23000000000000001,0.45000000000000001,7.04
mouse_15,0.34999999999999998,24.760000000000002,9.3800000000000008,0.54000000000000004,2.4700000000000002,19.66,4.0199999999999996,0.22,0.19,15.65,0.46999999999999997,0.34999999999999998,1.6000000000000001,15.07,0.66000000000000003,1.8899999999999999,0,0,0,0,2.71
mouse_16,0.23999999999999999,26.460000000000001,10.970000000000001,0.31,2.8100000000000001,14.69,1.8799999999999999,0.31,0,9.3800000000000008,0,0,0.78000000000000003,3.1200000000000001,0,0,6.2199999999999998,0.37,9.4800000000000004,2.0099999999999998,10.960000000000001
mouse_17,1.21,23.449999999999999,5.5899999999999999,0.67000000000000004,6.3099999999999996,33.840000000000003,8.5600000000000005,0.46999999999999997,2.54,2.77,5.0700000000000003,0,0.67000000000000004,3.8700000000000001,0,0.42999999999999999,0,0,0,2.5800000000000001,1.99
mouse_18,0.29999999999999999,29.719999999999999,8.9499999999999993,0.45000000000000001,2.8599999999999999,17.789999999999999,2.0099999999999998,0,0,11.890000000000001,0,0,1,3.8300000000000001,0,0,0,0,2.79,1.0800000000000001,17.350000000000001
mouse_19,1.3,27,5.7199999999999998,0.81000000000000005,7.8600000000000003,33.5,9.8800000000000008,0,2.1299999999999999,3.5600000000000001,0,0,0.81999999999999995,4.96,0,0,0,0,0,0,2.4399999999999999
mouse_20,0.38,24.09,8.2200000000000006,0.59999999999999998,3.8900000000000001,24.609999999999999,3.8900000000000001,0.27000000000000002,0.27000000000000002,13.539999999999999,0.23999999999999999,0.23000000000000001,1.4399999999999999,10.6,0.31,0.35999999999999999,0.42999999999999999,0,0.34999999999999998,0.31,5.9699999999999998
mouse_21,3.2400000000000002,23.59,2.6800000000000002,1.1100000000000001,13.09,35.609999999999999,11.41,0.37,0.22,5.6500000000000004,0.17000000000000001,0.050000000000000003,0.20000000000000001,1.55,0,0.17000000000000001,0.089999999999999997,0,0.14999999999999999,0,0.64000000000000001
mouse_22,0.59999999999999998,19.949999999999999,3.1800000000000002,1.21,4.8899999999999997,35.909999999999997,4.5800000000000001,0.29999999999999999,0.070000000000000007,21.100000000000001,0.40999999999999998,0.31,0.53000000000000003,2.98,0.17999999999999999,0.080000000000000002,1,0.070000000000000007,0.25,0.23999999999999999,2.1600000000000001
mouse_23,0.38,17.640000000000001,6.9900000000000002,0.73999999999999999,2.5800000000000001,21.23,2.8500000000000001,0.26000000000000001,0,33.140000000000001,0.66000000000000003,0.60999999999999999,0.73999999999999999,8.6699999999999999,0.65000000000000002,0.97999999999999998,0.10000000000000001,0,0.089999999999999997,0,1.7
mouse_24,0.44,22.73,4.71,0.75,2.27,25.100000000000001,1.9099999999999999,0.38,0,22.649999999999999,0,0.27000000000000002,0.38,1.27,0,0.20999999999999999,1.1599999999999999,0,2.1699999999999999,2.04,11.56
mouse_25,0.46999999999999997,14.65,4.29,0.66000000000000003,2.8799999999999999,23.149999999999999,2.8500000000000001,0.45000000000000001,0.070000000000000007,40.020000000000003,0.84999999999999998,0.82999999999999996,1.04,4.7199999999999998,0.72999999999999998,1.1299999999999999,0.14000000000000001,0,0.070000000000000007,0.059999999999999998,0.91000000000000003
mouse_26,0.64000000000000001,20.489999999999998,2.71,1.0900000000000001,4.0499999999999998,38.32,5.0700000000000003,0.26000000000000001,0.070000000000000007,21.52,0.28000000000000003,0.32000000000000001,0.34999999999999998,1.8500000000000001,0.14000000000000001,0.070000000000000007,1.1699999999999999,0.070000000000000007,0.16,0.14999999999999999,1.22
mouse_27,0.52000000000000002,18.440000000000001,5.21,0.87,3.3700000000000001,32.039999999999999,3.7599999999999998,0.41999999999999998,0,23.93,0.32000000000000001,0.089999999999999997,0.64000000000000001,4.7599999999999998,0.26000000000000001,0.19,1.1599999999999999,0,0.29999999999999999,0.28000000000000003,3.4399999999999999
mouse_28,0.48999999999999999,17.719999999999999,6.0199999999999996,0.57999999999999996,3.77,21.039999999999999,1.77,0.65000000000000002,0,13.84,0.089999999999999997,0.12,0.22,1.3899999999999999,0.11,0,21.5,0.64000000000000001,4.0999999999999996,1.9399999999999999,4.0199999999999996
mouse_29,0.40000000000000002,21.699999999999999,6.1200000000000001,0.78000000000000003,2.0699999999999998,22.489999999999998,1.8200000000000001,0.44,0,22.050000000000001,0,0.23999999999999999,0.46999999999999997,1.8700000000000001,0,0.19,1.3100000000000001,0,2.6499999999999999,2.1600000000000001,13.26
mouse_30,0.60999999999999999,16.25,4.5499999999999998,0.60999999999999999,5.4199999999999999,21.43,2.2200000000000002,0.25,0,14.75,0.12,0.10000000000000001,0.22,1.52,0,0,21.620000000000001,0.47999999999999998,3.8599999999999999,1.55,4.4500000000000002
mouse_31,3.1899999999999999,22.91,3.6000000000000001,0.98999999999999999,13.9,33.549999999999997,10.640000000000001,0.29999999999999999,0.070000000000000007,5.4500000000000002,0.17999999999999999,0,0.40000000000000002,2.9700000000000002,0.070000000000000007,0.38,0.070000000000000007,0,0.17999999999999999,0,1.1599999999999999
mouse_32,2.2599999999999998,23.27,1.6799999999999999,1.5,10.380000000000001,41.229999999999997,15.029999999999999,0.20000000000000001,0.23000000000000001,2.79,0.14000000000000001,0,0.11,0.75,0,0.070000000000000007,0,0,0.070000000000000007,0,0.28000000000000003
mouse_33,0.59999999999999998,20.25,3.0899999999999999,1.1799999999999999,3.6600000000000001,36.590000000000003,4.75,0.35999999999999999,0.070000000000000007,22.93,0.31,0.33000000000000002,0.40999999999999998,2,0.17000000000000001,0.070000000000000007,1.3100000000000001,0.070000000000000007,0.20000000000000001,0.23000000000000001,1.4099999999999999
mouse_34,0.54000000000000004,20.18,4.5099999999999998,0.70999999999999996,3.5499999999999998,24.82,3.77,0.39000000000000001,0,31.309999999999999,0.46000000000000002,0.54000000000000004,0.72999999999999998,5.4699999999999998,0.59999999999999998,0.94999999999999996,0.17000000000000001,0,0,0.20999999999999999,1.1100000000000001
mouse_35,0.39000000000000001,20.710000000000001,6.4100000000000001,0.70999999999999996,2.1800000000000002,24.09,1.8300000000000001,0.40000000000000002,0,23.09,0,0.23999999999999999,0.40000000000000002,1.8999999999999999,0,0,1.45,0,2.8199999999999998,1.8,11.57
mouse_36,2.9199999999999999,21.789999999999999,3.5600000000000001,1.23,10.66,38.270000000000003,11.550000000000001,0.38,0.33000000000000002,5.5999999999999996,0.17999999999999999,0.070000000000000007,0.26000000000000001,1.8300000000000001,0.050000000000000003,0.17000000000000001,0.070000000000000007,0,0.13,0.29999999999999999,0.64000000000000001
mouse_37,0.63,21.57,3.9700000000000002,0.81999999999999995,5.1399999999999997,25.530000000000001,3.1800000000000002,0.33000000000000002,0,12.6,0.080000000000000002,0.11,0.17000000000000001,0.95999999999999996,0.059999999999999998,0,18.109999999999999,0.52000000000000002,2.6600000000000001,1.27,2.29
mouse_38,0.35999999999999999,25.23,10.33,0.45000000000000001,1.5900000000000001,16.489999999999998,1.53,0.37,0,18.25,0,0.26000000000000001,0.56999999999999995,3.02,0,0,0.70999999999999996,0,2.9100000000000001,1.6399999999999999,16.280000000000001
mouse_39,0.64000000000000001,16.199999999999999,5.7699999999999996,0.67000000000000004,4.0999999999999996,25.120000000000001,2.1099999999999999,0.20999999999999999,0,21.059999999999999,0.20999999999999999,0.13,0.14000000000000001,1.8400000000000001,0,0,14.390000000000001,0.23999999999999999,2.3100000000000001,0.97999999999999998,3.8700000000000001
mouse_40,0.40000000000000002,20.699999999999999,7.4000000000000004,0.63,2.7200000000000002,19.969999999999999,3.1299999999999999,0.40000000000000002,0,27.329999999999998,0.42999999999999999,0.58999999999999997,0.89000000000000001,11.18,0.63,1.6200000000000001,0,0,0.13,0,1.8300000000000001
