"scenario_id"	"status"	"detail"	"warnings"	"messages"
"baseline"	"OK"	"Full fixed-universe ranking fitted"	""	""
"delete_1"	"OK"	"Full fixed-universe ranking fitted"	""	""
"delete_2"	"OK"	"Full fixed-universe ranking fitted"	""	""
"delete_3"	"OK"	"Full fixed-universe ranking fitted"	""	""
"delete_4"	"OK"	"Full fixed-universe ranking fitted"	""	""
"delete_5"	"OK"	"Full fixed-universe ranking fitted"	""	""
"delete_6"	"OK"	"Full fixed-universe ranking fitted"	""	""
"delete_7"	"OK"	"Full fixed-universe ranking fitted"	""	""
"delete_8"	"OK"	"Full fixed-universe ranking fitted"	""	""
