"feature_id"	"baseline_rank"	"baseline_topk"	"membership_status"	"direction_status"	"membership_observed_changes"	"direction_observed_changes"	"best_observed_rank"	"worst_observed_rank"	"observed_selection_fraction"	"membership_minimum_observed_change"	"direction_minimum_observed_change"	"valid_deletion_refits"	"failed_deletion_refits"
"M27891_at"	1	TRUE	"OBSERVED_STABLE"	"OBSERVED_STABLE"	0	0	1	1	1	NA	NA	38	0
"D88422_at"	2	TRUE	"OBSERVED_STABLE"	"OBSERVED_STABLE"	0	0	2	5	1	NA	NA	38	0
"X95735_at"	3	TRUE	"OBSERVED_STABLE"	"OBSERVED_STABLE"	0	0	2	6	1	NA	NA	38	0
"M84526_at"	4	TRUE	"OBSERVED_STABLE"	"OBSERVED_STABLE"	0	0	2	8	1	NA	NA	38	0
"M27783_s_at"	5	TRUE	"OBSERVED_STABLE"	"OBSERVED_STABLE"	0	0	2	7	1	NA	NA	38	0
"M23197_at"	6	TRUE	"OBSERVED_STABLE"	"OBSERVED_STABLE"	0	0	2	11	1	NA	NA	38	0
"M28130_rna1_s_at"	7	TRUE	"OBSERVED_STABLE"	"OBSERVED_STABLE"	0	0	3	15	1	NA	NA	38	0
"U46499_at"	8	TRUE	"OBSERVED_STABLE"	"OBSERVED_STABLE"	0	0	2	18	1	NA	NA	38	0
"X07743_at"	9	TRUE	"OBSERVED_STABLE"	"OBSERVED_STABLE"	0	0	7	19	1	NA	NA	38	0
"M16038_at"	10	TRUE	"OBSERVED_STABLE"	"OBSERVED_STABLE"	0	0	7	16	1	NA	NA	38	0
"X62320_at"	11	TRUE	"OBSERVED_STABLE"	"OBSERVED_STABLE"	0	0	7	17	1	NA	NA	38	0
"Y00787_s_at"	12	TRUE	"OBSERVED_STABLE"	"OBSERVED_STABLE"	0	0	5	19	1	NA	NA	38	0
"L09209_s_at"	13	TRUE	"OBSERVED_STABLE"	"OBSERVED_STABLE"	0	0	8	18	1	NA	NA	38	0
"M63138_at"	14	TRUE	"OBSERVED_CHANGED"	"OBSERVED_STABLE"	2	0	7	22	0.947368421052632	1	NA	38	0
"Y12670_at"	15	TRUE	"OBSERVED_CHANGED"	"OBSERVED_STABLE"	5	0	7	26	0.868421052631579	1	NA	38	0
"U50136_rna1_at"	16	TRUE	"OBSERVED_CHANGED"	"OBSERVED_STABLE"	5	0	8	29	0.868421052631579	1	NA	38	0
"U85767_at"	17	TRUE	"OBSERVED_CHANGED"	"OBSERVED_STABLE"	3	0	4	31	0.921052631578947	1	NA	38	0
"M83652_s_at"	18	TRUE	"OBSERVED_CHANGED"	"OBSERVED_STABLE"	8	0	5	27	0.789473684210526	1	NA	38	0
"M98399_s_at"	19	TRUE	"OBSERVED_CHANGED"	"OBSERVED_STABLE"	12	0	4	32	0.68421052631579	1	NA	38	0
"M57731_s_at"	20	TRUE	"OBSERVED_CHANGED"	"OBSERVED_STABLE"	23	0	7	30	0.394736842105263	1	NA	38	0
