"scenario_id"	"direction"	"rank"	"feature_id"
"baseline"	"up"	"1"	"B2M"
"baseline"	"up"	"2"	"ISG20"
"baseline"	"up"	"3"	"ISG15"
"baseline"	"up"	"4"	"LY6E"
"baseline"	"up"	"5"	"HLA-B_ENSG00000234745"
"baseline"	"up"	"6"	"IRF7"
"baseline"	"up"	"7"	"UBE2L6"
"baseline"	"up"	"8"	"PSMB9_ENSG00000240065"
"baseline"	"up"	"9"	"IFIT3"
"baseline"	"up"	"10"	"PLSCR1"
"baseline"	"up"	"11"	"TNFSF10"
"baseline"	"up"	"12"	"SAT1"
"baseline"	"up"	"13"	"IFI6"
"baseline"	"up"	"14"	"EPSTI1"
"baseline"	"up"	"15"	"CXCL10"
"baseline"	"up"	"16"	"GBP1"
"baseline"	"up"	"17"	"IFIT2"
"baseline"	"up"	"18"	"IFITM2"
"baseline"	"up"	"19"	"IFIT1"
"baseline"	"up"	"20"	"MX1"
"baseline"	"down"	"1"	"FTH1"
"baseline"	"down"	"2"	"RPL10_ENSG00000147403"
"baseline"	"down"	"3"	"RPL3"
"baseline"	"down"	"4"	"RPS2"
"baseline"	"down"	"5"	"RPL7"
"baseline"	"down"	"6"	"RPS6"
"baseline"	"down"	"7"	"GSTP1"
"baseline"	"down"	"8"	"ID3"
"baseline"	"down"	"9"	"EEF1A1"
"baseline"	"down"	"10"	"RPS3A"
"baseline"	"down"	"11"	"CD79B"
"baseline"	"down"	"12"	"RPL13A"
"baseline"	"down"	"13"	"RPL6"
"baseline"	"down"	"14"	"ARHGDIB"
"baseline"	"down"	"15"	"LINC00926"
"baseline"	"down"	"16"	"HLA-DQB1_ENSG00000179344"
"baseline"	"down"	"17"	"RPS3"
"baseline"	"down"	"18"	"RPS4X"
"baseline"	"down"	"19"	"C16orf74"
"baseline"	"down"	"20"	"HNRNPA1"
"baseline"	"absolute"	"1"	"B2M"
"baseline"	"absolute"	"2"	"FTH1"
"baseline"	"absolute"	"3"	"ISG20"
"baseline"	"absolute"	"4"	"ISG15"
"baseline"	"absolute"	"5"	"LY6E"
"baseline"	"absolute"	"6"	"HLA-B_ENSG00000234745"
"baseline"	"absolute"	"7"	"IRF7"
"baseline"	"absolute"	"8"	"UBE2L6"
"baseline"	"absolute"	"9"	"PSMB9_ENSG00000240065"
"baseline"	"absolute"	"10"	"IFIT3"
"baseline"	"absolute"	"11"	"PLSCR1"
"baseline"	"absolute"	"12"	"TNFSF10"
"baseline"	"absolute"	"13"	"SAT1"
"baseline"	"absolute"	"14"	"IFI6"
"baseline"	"absolute"	"15"	"EPSTI1"
"baseline"	"absolute"	"16"	"CXCL10"
"baseline"	"absolute"	"17"	"GBP1"
"baseline"	"absolute"	"18"	"IFIT2"
"baseline"	"absolute"	"19"	"IFITM2"
"baseline"	"absolute"	"20"	"IFIT1"
"delete_1"	"up"	"1"	"B2M"
"delete_1"	"up"	"2"	"ISG20"
"delete_1"	"up"	"3"	"ISG15"
"delete_1"	"up"	"4"	"LY6E"
"delete_1"	"up"	"5"	"IFIT3"
"delete_1"	"up"	"6"	"HLA-B_ENSG00000234745"
"delete_1"	"up"	"7"	"IRF7"
"delete_1"	"up"	"8"	"UBE2L6"
"delete_1"	"up"	"9"	"PSMB9_ENSG00000240065"
"delete_1"	"up"	"10"	"PLSCR1"
"delete_1"	"up"	"11"	"TNFSF10"
"delete_1"	"up"	"12"	"IFIT1"
"delete_1"	"up"	"13"	"CXCL10"
"delete_1"	"up"	"14"	"IFI6"
"delete_1"	"up"	"15"	"SAT1"
"delete_1"	"up"	"16"	"IFITM2"
"delete_1"	"up"	"17"	"GBP1"
"delete_1"	"up"	"18"	"EPSTI1"
"delete_1"	"up"	"19"	"IFIT2"
"delete_1"	"up"	"20"	"MX1"
"delete_1"	"down"	"1"	"FTH1"
"delete_1"	"down"	"2"	"RPL10_ENSG00000147403"
"delete_1"	"down"	"3"	"RPL3"
"delete_1"	"down"	"4"	"RPS2"
"delete_1"	"down"	"5"	"RPL7"
"delete_1"	"down"	"6"	"RPS6"
"delete_1"	"down"	"7"	"GSTP1"
"delete_1"	"down"	"8"	"ID3"
"delete_1"	"down"	"9"	"EEF1A1"
"delete_1"	"down"	"10"	"RPS3A"
"delete_1"	"down"	"11"	"CD79B"
"delete_1"	"down"	"12"	"RPL13A"
"delete_1"	"down"	"13"	"RPL6"
"delete_1"	"down"	"14"	"ARHGDIB"
"delete_1"	"down"	"15"	"LINC00926"
"delete_1"	"down"	"16"	"RPS3"
"delete_1"	"down"	"17"	"RPS4X"
"delete_1"	"down"	"18"	"HLA-DQB1_ENSG00000179344"
"delete_1"	"down"	"19"	"HLA-DMA_ENSG00000204257"
"delete_1"	"down"	"20"	"HNRNPA1"
"delete_1"	"absolute"	"1"	"B2M"
"delete_1"	"absolute"	"2"	"ISG20"
"delete_1"	"absolute"	"3"	"FTH1"
"delete_1"	"absolute"	"4"	"ISG15"
"delete_1"	"absolute"	"5"	"LY6E"
"delete_1"	"absolute"	"6"	"IFIT3"
"delete_1"	"absolute"	"7"	"HLA-B_ENSG00000234745"
"delete_1"	"absolute"	"8"	"IRF7"
"delete_1"	"absolute"	"9"	"UBE2L6"
"delete_1"	"absolute"	"10"	"PSMB9_ENSG00000240065"
"delete_1"	"absolute"	"11"	"PLSCR1"
"delete_1"	"absolute"	"12"	"TNFSF10"
"delete_1"	"absolute"	"13"	"IFIT1"
"delete_1"	"absolute"	"14"	"CXCL10"
"delete_1"	"absolute"	"15"	"IFI6"
"delete_1"	"absolute"	"16"	"SAT1"
"delete_1"	"absolute"	"17"	"IFITM2"
"delete_1"	"absolute"	"18"	"GBP1"
"delete_1"	"absolute"	"19"	"EPSTI1"
"delete_1"	"absolute"	"20"	"IFIT2"
"delete_2"	"up"	"1"	"B2M"
"delete_2"	"up"	"2"	"ISG20"
"delete_2"	"up"	"3"	"ISG15"
"delete_2"	"up"	"4"	"LY6E"
"delete_2"	"up"	"5"	"HLA-B_ENSG00000234745"
"delete_2"	"up"	"6"	"CXCL10"
"delete_2"	"up"	"7"	"UBE2L6"
"delete_2"	"up"	"8"	"IFI6"
"delete_2"	"up"	"9"	"IRF7"
"delete_2"	"up"	"10"	"IFIT3"
"delete_2"	"up"	"11"	"TMSB4X"
"delete_2"	"up"	"12"	"PSMB9_ENSG00000240065"
"delete_2"	"up"	"13"	"IFITM2"
"delete_2"	"up"	"14"	"PLSCR1"
"delete_2"	"up"	"15"	"IFIT2"
"delete_2"	"up"	"16"	"SAT1"
"delete_2"	"up"	"17"	"TNFSF10"
"delete_2"	"up"	"18"	"IFIT1"
"delete_2"	"up"	"19"	"EPSTI1"
"delete_2"	"up"	"20"	"RSAD2"
"delete_2"	"down"	"1"	"FTH1"
"delete_2"	"down"	"2"	"RPL10_ENSG00000147403"
"delete_2"	"down"	"3"	"RPL3"
"delete_2"	"down"	"4"	"RPS2"
"delete_2"	"down"	"5"	"RPL7"
"delete_2"	"down"	"6"	"ID3"
"delete_2"	"down"	"7"	"GSTP1"
"delete_2"	"down"	"8"	"RPS6"
"delete_2"	"down"	"9"	"CD79B"
"delete_2"	"down"	"10"	"EEF1A1"
"delete_2"	"down"	"11"	"RPS3A"
"delete_2"	"down"	"12"	"FTL"
"delete_2"	"down"	"13"	"LINC00926"
"delete_2"	"down"	"14"	"ARHGDIB"
"delete_2"	"down"	"15"	"C16orf74"
"delete_2"	"down"	"16"	"HLA-DQB1_ENSG00000179344"
"delete_2"	"down"	"17"	"HNRNPA1"
"delete_2"	"down"	"18"	"RPL6"
"delete_2"	"down"	"19"	"ALOX5AP"
"delete_2"	"down"	"20"	"PKM"
"delete_2"	"absolute"	"1"	"B2M"
"delete_2"	"absolute"	"2"	"ISG20"
"delete_2"	"absolute"	"3"	"ISG15"
"delete_2"	"absolute"	"4"	"FTH1"
"delete_2"	"absolute"	"5"	"LY6E"
"delete_2"	"absolute"	"6"	"HLA-B_ENSG00000234745"
"delete_2"	"absolute"	"7"	"CXCL10"
"delete_2"	"absolute"	"8"	"UBE2L6"
"delete_2"	"absolute"	"9"	"IFI6"
"delete_2"	"absolute"	"10"	"IRF7"
"delete_2"	"absolute"	"11"	"IFIT3"
"delete_2"	"absolute"	"12"	"TMSB4X"
"delete_2"	"absolute"	"13"	"PSMB9_ENSG00000240065"
"delete_2"	"absolute"	"14"	"IFITM2"
"delete_2"	"absolute"	"15"	"PLSCR1"
"delete_2"	"absolute"	"16"	"IFIT2"
"delete_2"	"absolute"	"17"	"SAT1"
"delete_2"	"absolute"	"18"	"TNFSF10"
"delete_2"	"absolute"	"19"	"IFIT1"
"delete_2"	"absolute"	"20"	"EPSTI1"
"delete_3"	"up"	"1"	"B2M"
"delete_3"	"up"	"2"	"ISG20"
"delete_3"	"up"	"3"	"ISG15"
"delete_3"	"up"	"4"	"HLA-B_ENSG00000234745"
"delete_3"	"up"	"5"	"LY6E"
"delete_3"	"up"	"6"	"IRF7"
"delete_3"	"up"	"7"	"UBE2L6"
"delete_3"	"up"	"8"	"IFIT3"
"delete_3"	"up"	"9"	"PSMB9_ENSG00000240065"
"delete_3"	"up"	"10"	"PLSCR1"
"delete_3"	"up"	"11"	"TNFSF10"
"delete_3"	"up"	"12"	"SAT1"
"delete_3"	"up"	"13"	"IFIT1"
"delete_3"	"up"	"14"	"IFI6"
"delete_3"	"up"	"15"	"EPSTI1"
"delete_3"	"up"	"16"	"CXCL10"
"delete_3"	"up"	"17"	"GBP1"
"delete_3"	"up"	"18"	"MX1"
"delete_3"	"up"	"19"	"IFIT2"
"delete_3"	"up"	"20"	"IFITM2"
"delete_3"	"down"	"1"	"FTH1"
"delete_3"	"down"	"2"	"RPL10_ENSG00000147403"
"delete_3"	"down"	"3"	"RPL3"
"delete_3"	"down"	"4"	"RPS2"
"delete_3"	"down"	"5"	"RPL7"
"delete_3"	"down"	"6"	"RPS6"
"delete_3"	"down"	"7"	"GSTP1"
"delete_3"	"down"	"8"	"RPL13A"
"delete_3"	"down"	"9"	"ID3"
"delete_3"	"down"	"10"	"RPS3A"
"delete_3"	"down"	"11"	"EEF1A1"
"delete_3"	"down"	"12"	"RPS3"
"delete_3"	"down"	"13"	"CD79B"
"delete_3"	"down"	"14"	"HLA-DQB1_ENSG00000179344"
"delete_3"	"down"	"15"	"RPL6"
"delete_3"	"down"	"16"	"ARHGDIB"
"delete_3"	"down"	"17"	"RPS4X"
"delete_3"	"down"	"18"	"LINC00926"
"delete_3"	"down"	"19"	"C16orf74"
"delete_3"	"down"	"20"	"HLA-DMA_ENSG00000204257"
"delete_3"	"absolute"	"1"	"B2M"
"delete_3"	"absolute"	"2"	"FTH1"
"delete_3"	"absolute"	"3"	"ISG20"
"delete_3"	"absolute"	"4"	"ISG15"
"delete_3"	"absolute"	"5"	"HLA-B_ENSG00000234745"
"delete_3"	"absolute"	"6"	"LY6E"
"delete_3"	"absolute"	"7"	"IRF7"
"delete_3"	"absolute"	"8"	"UBE2L6"
"delete_3"	"absolute"	"9"	"IFIT3"
"delete_3"	"absolute"	"10"	"PSMB9_ENSG00000240065"
"delete_3"	"absolute"	"11"	"RPL10_ENSG00000147403"
"delete_3"	"absolute"	"12"	"PLSCR1"
"delete_3"	"absolute"	"13"	"TNFSF10"
"delete_3"	"absolute"	"14"	"SAT1"
"delete_3"	"absolute"	"15"	"IFIT1"
"delete_3"	"absolute"	"16"	"IFI6"
"delete_3"	"absolute"	"17"	"EPSTI1"
"delete_3"	"absolute"	"18"	"CXCL10"
"delete_3"	"absolute"	"19"	"GBP1"
"delete_3"	"absolute"	"20"	"MX1"
"delete_4"	"up"	"1"	"B2M"
"delete_4"	"up"	"2"	"ISG20"
"delete_4"	"up"	"3"	"ISG15"
"delete_4"	"up"	"4"	"LY6E"
"delete_4"	"up"	"5"	"IRF7"
"delete_4"	"up"	"6"	"PLSCR1"
"delete_4"	"up"	"7"	"PSMB9_ENSG00000240065"
"delete_4"	"up"	"8"	"UBE2L6"
"delete_4"	"up"	"9"	"HLA-B_ENSG00000234745"
"delete_4"	"up"	"10"	"SAT1"
"delete_4"	"up"	"11"	"GBP1"
"delete_4"	"up"	"12"	"IFIT3"
"delete_4"	"up"	"13"	"TNFSF10"
"delete_4"	"up"	"14"	"EPSTI1"
"delete_4"	"up"	"15"	"MX1"
"delete_4"	"up"	"16"	"IFITM2"
"delete_4"	"up"	"17"	"IFI6"
"delete_4"	"up"	"18"	"BST2"
"delete_4"	"up"	"19"	"IFIT1"
"delete_4"	"up"	"20"	"MYL12A"
"delete_4"	"down"	"1"	"FTH1"
"delete_4"	"down"	"2"	"RPL10_ENSG00000147403"
"delete_4"	"down"	"3"	"RPL3"
"delete_4"	"down"	"4"	"RPS2"
"delete_4"	"down"	"5"	"RPL7"
"delete_4"	"down"	"6"	"GSTP1"
"delete_4"	"down"	"7"	"ID3"
"delete_4"	"down"	"8"	"RPS6"
"delete_4"	"down"	"9"	"EEF1A1"
"delete_4"	"down"	"10"	"CD79B"
"delete_4"	"down"	"11"	"ARHGDIB"
"delete_4"	"down"	"12"	"RPS3A"
"delete_4"	"down"	"13"	"LINC00926"
"delete_4"	"down"	"14"	"RPL6"
"delete_4"	"down"	"15"	"HLA-DQB1_ENSG00000179344"
"delete_4"	"down"	"16"	"RPS4X"
"delete_4"	"down"	"17"	"HLA-DMA_ENSG00000204257"
"delete_4"	"down"	"18"	"RPL13A"
"delete_4"	"down"	"19"	"HNRNPA1"
"delete_4"	"down"	"20"	"ZFP36L1"
"delete_4"	"absolute"	"1"	"B2M"
"delete_4"	"absolute"	"2"	"ISG20"
"delete_4"	"absolute"	"3"	"ISG15"
"delete_4"	"absolute"	"4"	"FTH1"
"delete_4"	"absolute"	"5"	"LY6E"
"delete_4"	"absolute"	"6"	"IRF7"
"delete_4"	"absolute"	"7"	"PLSCR1"
"delete_4"	"absolute"	"8"	"PSMB9_ENSG00000240065"
"delete_4"	"absolute"	"9"	"UBE2L6"
"delete_4"	"absolute"	"10"	"HLA-B_ENSG00000234745"
"delete_4"	"absolute"	"11"	"SAT1"
"delete_4"	"absolute"	"12"	"GBP1"
"delete_4"	"absolute"	"13"	"IFIT3"
"delete_4"	"absolute"	"14"	"TNFSF10"
"delete_4"	"absolute"	"15"	"EPSTI1"
"delete_4"	"absolute"	"16"	"MX1"
"delete_4"	"absolute"	"17"	"IFITM2"
"delete_4"	"absolute"	"18"	"IFI6"
"delete_4"	"absolute"	"19"	"BST2"
"delete_4"	"absolute"	"20"	"IFIT1"
"delete_5"	"up"	"1"	"B2M"
"delete_5"	"up"	"2"	"ISG20"
"delete_5"	"up"	"3"	"ISG15"
"delete_5"	"up"	"4"	"LY6E"
"delete_5"	"up"	"5"	"IRF7"
"delete_5"	"up"	"6"	"HLA-B_ENSG00000234745"
"delete_5"	"up"	"7"	"UBE2L6"
"delete_5"	"up"	"8"	"IFIT3"
"delete_5"	"up"	"9"	"PLSCR1"
"delete_5"	"up"	"10"	"CXCL10"
"delete_5"	"up"	"11"	"PSMB9_ENSG00000240065"
"delete_5"	"up"	"12"	"MX1"
"delete_5"	"up"	"13"	"IFI6"
"delete_5"	"up"	"14"	"TNFSF10"
"delete_5"	"up"	"15"	"SAT1"
"delete_5"	"up"	"16"	"EPSTI1"
"delete_5"	"up"	"17"	"GBP1"
"delete_5"	"up"	"18"	"IFITM2"
"delete_5"	"up"	"19"	"IFIT1"
"delete_5"	"up"	"20"	"BST2"
"delete_5"	"down"	"1"	"FTH1"
"delete_5"	"down"	"2"	"RPL10_ENSG00000147403"
"delete_5"	"down"	"3"	"RPL3"
"delete_5"	"down"	"4"	"RPL7"
"delete_5"	"down"	"5"	"RPS2"
"delete_5"	"down"	"6"	"GSTP1"
"delete_5"	"down"	"7"	"ID3"
"delete_5"	"down"	"8"	"RPS6"
"delete_5"	"down"	"9"	"EEF1A1"
"delete_5"	"down"	"10"	"CD79B"
"delete_5"	"down"	"11"	"ARHGDIB"
"delete_5"	"down"	"12"	"LINC00926"
"delete_5"	"down"	"13"	"RPL6"
"delete_5"	"down"	"14"	"RPS3A"
"delete_5"	"down"	"15"	"HLA-DQB1_ENSG00000179344"
"delete_5"	"down"	"16"	"C16orf74"
"delete_5"	"down"	"17"	"HLA-DMA_ENSG00000204257"
"delete_5"	"down"	"18"	"UCP2"
"delete_5"	"down"	"19"	"ZFP36L1"
"delete_5"	"down"	"20"	"HNRNPA1"
"delete_5"	"absolute"	"1"	"B2M"
"delete_5"	"absolute"	"2"	"ISG20"
"delete_5"	"absolute"	"3"	"ISG15"
"delete_5"	"absolute"	"4"	"FTH1"
"delete_5"	"absolute"	"5"	"LY6E"
"delete_5"	"absolute"	"6"	"IRF7"
"delete_5"	"absolute"	"7"	"HLA-B_ENSG00000234745"
"delete_5"	"absolute"	"8"	"UBE2L6"
"delete_5"	"absolute"	"9"	"IFIT3"
"delete_5"	"absolute"	"10"	"PLSCR1"
"delete_5"	"absolute"	"11"	"CXCL10"
"delete_5"	"absolute"	"12"	"PSMB9_ENSG00000240065"
"delete_5"	"absolute"	"13"	"MX1"
"delete_5"	"absolute"	"14"	"IFI6"
"delete_5"	"absolute"	"15"	"TNFSF10"
"delete_5"	"absolute"	"16"	"SAT1"
"delete_5"	"absolute"	"17"	"EPSTI1"
"delete_5"	"absolute"	"18"	"GBP1"
"delete_5"	"absolute"	"19"	"IFITM2"
"delete_5"	"absolute"	"20"	"IFIT1"
"delete_6"	"up"	"1"	"B2M"
"delete_6"	"up"	"2"	"ISG20"
"delete_6"	"up"	"3"	"ISG15"
"delete_6"	"up"	"4"	"HLA-B_ENSG00000234745"
"delete_6"	"up"	"5"	"LY6E"
"delete_6"	"up"	"6"	"IRF7"
"delete_6"	"up"	"7"	"PSMB9_ENSG00000240065"
"delete_6"	"up"	"8"	"UBE2L6"
"delete_6"	"up"	"9"	"PLSCR1"
"delete_6"	"up"	"10"	"IFIT3"
"delete_6"	"up"	"11"	"TNFSF10"
"delete_6"	"up"	"12"	"IFIT2"
"delete_6"	"up"	"13"	"IFI6"
"delete_6"	"up"	"14"	"SAT1"
"delete_6"	"up"	"15"	"TMSB10"
"delete_6"	"up"	"16"	"EPSTI1"
"delete_6"	"up"	"17"	"CXCL10"
"delete_6"	"up"	"18"	"IFIT1"
"delete_6"	"up"	"19"	"GBP1"
"delete_6"	"up"	"20"	"IFITM2"
"delete_6"	"down"	"1"	"FTH1"
"delete_6"	"down"	"2"	"RPL10_ENSG00000147403"
"delete_6"	"down"	"3"	"RPL3"
"delete_6"	"down"	"4"	"RPL7"
"delete_6"	"down"	"5"	"RPS2"
"delete_6"	"down"	"6"	"RPS6"
"delete_6"	"down"	"7"	"GSTP1"
"delete_6"	"down"	"8"	"ID3"
"delete_6"	"down"	"9"	"EEF1A1"
"delete_6"	"down"	"10"	"RPS3A"
"delete_6"	"down"	"11"	"RPL13A"
"delete_6"	"down"	"12"	"CD79B"
"delete_6"	"down"	"13"	"ARHGDIB"
"delete_6"	"down"	"14"	"RPL6"
"delete_6"	"down"	"15"	"RPS3"
"delete_6"	"down"	"16"	"LINC00926"
"delete_6"	"down"	"17"	"RPS4X"
"delete_6"	"down"	"18"	"HLA-DRA_ENSG00000204287"
"delete_6"	"down"	"19"	"HLA-DQB1_ENSG00000179344"
"delete_6"	"down"	"20"	"RPL15"
"delete_6"	"absolute"	"1"	"B2M"
"delete_6"	"absolute"	"2"	"FTH1"
"delete_6"	"absolute"	"3"	"ISG20"
"delete_6"	"absolute"	"4"	"ISG15"
"delete_6"	"absolute"	"5"	"HLA-B_ENSG00000234745"
"delete_6"	"absolute"	"6"	"LY6E"
"delete_6"	"absolute"	"7"	"IRF7"
"delete_6"	"absolute"	"8"	"PSMB9_ENSG00000240065"
"delete_6"	"absolute"	"9"	"UBE2L6"
"delete_6"	"absolute"	"10"	"PLSCR1"
"delete_6"	"absolute"	"11"	"IFIT3"
"delete_6"	"absolute"	"12"	"TNFSF10"
"delete_6"	"absolute"	"13"	"IFIT2"
"delete_6"	"absolute"	"14"	"IFI6"
"delete_6"	"absolute"	"15"	"SAT1"
"delete_6"	"absolute"	"16"	"TMSB10"
"delete_6"	"absolute"	"17"	"EPSTI1"
"delete_6"	"absolute"	"18"	"RPL10_ENSG00000147403"
"delete_6"	"absolute"	"19"	"CXCL10"
"delete_6"	"absolute"	"20"	"IFIT1"
"delete_7"	"up"	"1"	"B2M"
"delete_7"	"up"	"2"	"ISG20"
"delete_7"	"up"	"3"	"ISG15"
"delete_7"	"up"	"4"	"HLA-B_ENSG00000234745"
"delete_7"	"up"	"5"	"LY6E"
"delete_7"	"up"	"6"	"IRF7"
"delete_7"	"up"	"7"	"IFIT3"
"delete_7"	"up"	"8"	"PSMB9_ENSG00000240065"
"delete_7"	"up"	"9"	"UBE2L6"
"delete_7"	"up"	"10"	"PLSCR1"
"delete_7"	"up"	"11"	"IFIT2"
"delete_7"	"up"	"12"	"CXCL10"
"delete_7"	"up"	"13"	"TNFSF10"
"delete_7"	"up"	"14"	"EPSTI1"
"delete_7"	"up"	"15"	"IFI6"
"delete_7"	"up"	"16"	"SAT1"
"delete_7"	"up"	"17"	"MX1"
"delete_7"	"up"	"18"	"IFIT1"
"delete_7"	"up"	"19"	"GBP1"
"delete_7"	"up"	"20"	"IFITM2"
"delete_7"	"down"	"1"	"FTH1"
"delete_7"	"down"	"2"	"RPL10_ENSG00000147403"
"delete_7"	"down"	"3"	"RPL3"
"delete_7"	"down"	"4"	"RPS2"
"delete_7"	"down"	"5"	"RPL7"
"delete_7"	"down"	"6"	"RPS6"
"delete_7"	"down"	"7"	"GSTP1"
"delete_7"	"down"	"8"	"ID3"
"delete_7"	"down"	"9"	"RPL13A"
"delete_7"	"down"	"10"	"EEF1A1"
"delete_7"	"down"	"11"	"RPS3A"
"delete_7"	"down"	"12"	"RPL6"
"delete_7"	"down"	"13"	"RPS4X"
"delete_7"	"down"	"14"	"CD79B"
"delete_7"	"down"	"15"	"LINC00926"
"delete_7"	"down"	"16"	"ARHGDIB"
"delete_7"	"down"	"17"	"UCP2"
"delete_7"	"down"	"18"	"HLA-DQB1_ENSG00000179344"
"delete_7"	"down"	"19"	"C16orf74"
"delete_7"	"down"	"20"	"RPS3"
"delete_7"	"absolute"	"1"	"B2M"
"delete_7"	"absolute"	"2"	"FTH1"
"delete_7"	"absolute"	"3"	"ISG20"
"delete_7"	"absolute"	"4"	"ISG15"
"delete_7"	"absolute"	"5"	"HLA-B_ENSG00000234745"
"delete_7"	"absolute"	"6"	"LY6E"
"delete_7"	"absolute"	"7"	"IRF7"
"delete_7"	"absolute"	"8"	"IFIT3"
"delete_7"	"absolute"	"9"	"PSMB9_ENSG00000240065"
"delete_7"	"absolute"	"10"	"UBE2L6"
"delete_7"	"absolute"	"11"	"PLSCR1"
"delete_7"	"absolute"	"12"	"IFIT2"
"delete_7"	"absolute"	"13"	"CXCL10"
"delete_7"	"absolute"	"14"	"TNFSF10"
"delete_7"	"absolute"	"15"	"RPL10_ENSG00000147403"
"delete_7"	"absolute"	"16"	"EPSTI1"
"delete_7"	"absolute"	"17"	"IFI6"
"delete_7"	"absolute"	"18"	"SAT1"
"delete_7"	"absolute"	"19"	"MX1"
"delete_7"	"absolute"	"20"	"IFIT1"
"delete_8"	"up"	"1"	"B2M"
"delete_8"	"up"	"2"	"ISG20"
"delete_8"	"up"	"3"	"ISG15"
"delete_8"	"up"	"4"	"HLA-B_ENSG00000234745"
"delete_8"	"up"	"5"	"LY6E"
"delete_8"	"up"	"6"	"TMSB4X"
"delete_8"	"up"	"7"	"IRF7"
"delete_8"	"up"	"8"	"UBE2L6"
"delete_8"	"up"	"9"	"PLSCR1"
"delete_8"	"up"	"10"	"IFIT3"
"delete_8"	"up"	"11"	"PSMB9_ENSG00000240065"
"delete_8"	"up"	"12"	"IFI6"
"delete_8"	"up"	"13"	"TNFSF10"
"delete_8"	"up"	"14"	"CXCL10"
"delete_8"	"up"	"15"	"SAT1"
"delete_8"	"up"	"16"	"MX1"
"delete_8"	"up"	"17"	"IFIT1"
"delete_8"	"up"	"18"	"EPSTI1"
"delete_8"	"up"	"19"	"IFIT2"
"delete_8"	"up"	"20"	"GBP1"
"delete_8"	"down"	"1"	"FTH1"
"delete_8"	"down"	"2"	"RPL10_ENSG00000147403"
"delete_8"	"down"	"3"	"RPS2"
"delete_8"	"down"	"4"	"RPL3"
"delete_8"	"down"	"5"	"RPS6"
"delete_8"	"down"	"6"	"RPL7"
"delete_8"	"down"	"7"	"GSTP1"
"delete_8"	"down"	"8"	"RPS4X"
"delete_8"	"down"	"9"	"ID3"
"delete_8"	"down"	"10"	"HLA-DRA_ENSG00000204287"
"delete_8"	"down"	"11"	"RPS3"
"delete_8"	"down"	"12"	"RPS3A"
"delete_8"	"down"	"13"	"EEF1A1"
"delete_8"	"down"	"14"	"RPL13A"
"delete_8"	"down"	"15"	"RPL6"
"delete_8"	"down"	"16"	"CD79B"
"delete_8"	"down"	"17"	"ARHGDIB"
"delete_8"	"down"	"18"	"LINC00926"
"delete_8"	"down"	"19"	"RPL15"
"delete_8"	"down"	"20"	"HLA-DQB1_ENSG00000179344"
"delete_8"	"absolute"	"1"	"B2M"
"delete_8"	"absolute"	"2"	"FTH1"
"delete_8"	"absolute"	"3"	"ISG20"
"delete_8"	"absolute"	"4"	"ISG15"
"delete_8"	"absolute"	"5"	"HLA-B_ENSG00000234745"
"delete_8"	"absolute"	"6"	"LY6E"
"delete_8"	"absolute"	"7"	"TMSB4X"
"delete_8"	"absolute"	"8"	"IRF7"
"delete_8"	"absolute"	"9"	"UBE2L6"
"delete_8"	"absolute"	"10"	"PLSCR1"
"delete_8"	"absolute"	"11"	"IFIT3"
"delete_8"	"absolute"	"12"	"PSMB9_ENSG00000240065"
"delete_8"	"absolute"	"13"	"IFI6"
"delete_8"	"absolute"	"14"	"TNFSF10"
"delete_8"	"absolute"	"15"	"CXCL10"
"delete_8"	"absolute"	"16"	"SAT1"
"delete_8"	"absolute"	"17"	"RPL10_ENSG00000147403"
"delete_8"	"absolute"	"18"	"MX1"
"delete_8"	"absolute"	"19"	"IFIT1"
"delete_8"	"absolute"	"20"	"EPSTI1"
