feature_id	mouse_1	mouse_2	mouse_3	mouse_4	mouse_5	mouse_6	mouse_7	mouse_8	mouse_9	mouse_10	mouse_11	mouse_12	mouse_13	mouse_14	mouse_15	mouse_16	mouse_17	mouse_18	mouse_19	mouse_20	mouse_21	mouse_22	mouse_23	mouse_24	mouse_25	mouse_26	mouse_27	mouse_28	mouse_29	mouse_30	mouse_31	mouse_32	mouse_33	mouse_34	mouse_35	mouse_36	mouse_37	mouse_38	mouse_39	mouse_40
C14.0	0.34000000000000002	0.38	0.35999999999999999	0.22	0.37	1.7	0.34999999999999998	0.34000000000000002	0.22	1.3799999999999999	0.26000000000000001	0.44	0.32000000000000001	0.34000000000000002	0.34999999999999998	0.23999999999999999	1.21	0.29999999999999999	1.3	0.38	3.2400000000000002	0.59999999999999998	0.38	0.44	0.46999999999999997	0.64000000000000001	0.52000000000000002	0.48999999999999999	0.40000000000000002	0.60999999999999999	3.1899999999999999	2.2599999999999998	0.59999999999999998	0.54000000000000004	0.39000000000000001	2.9199999999999999	0.63	0.35999999999999999	0.64000000000000001	0.40000000000000002
C16.0	26.449999999999999	24.039999999999999	23.699999999999999	25.48	24.800000000000001	26.039999999999999	25.940000000000001	28.629999999999999	25.34	28.489999999999998	25.73	24.280000000000001	24.629999999999999	26.039999999999999	24.760000000000002	26.460000000000001	23.449999999999999	29.719999999999999	27	24.09	23.59	19.949999999999999	17.640000000000001	22.73	14.65	20.489999999999998	18.440000000000001	17.719999999999999	21.699999999999999	16.25	22.91	23.27	20.25	20.18	20.710000000000001	21.789999999999999	21.57	25.23	16.199999999999999	20.699999999999999
C18.0	10.220000000000001	9.9299999999999997	8.9600000000000009	8.1400000000000006	9.6300000000000008	6.5899999999999999	9.6799999999999997	9.9499999999999993	8.8100000000000005	5.6299999999999999	8.3000000000000007	8.6300000000000008	9.9900000000000002	9.8100000000000005	9.3800000000000008	10.970000000000001	5.5899999999999999	8.9499999999999993	5.7199999999999998	8.2200000000000006	2.6800000000000002	3.1800000000000002	6.9900000000000002	4.71	4.29	2.71	5.21	6.0199999999999996	6.1200000000000001	4.5499999999999998	3.6000000000000001	1.6799999999999999	3.0899999999999999	4.5099999999999998	6.4100000000000001	3.5600000000000001	3.9700000000000002	10.33	5.7699999999999996	7.4000000000000004
C16.1n.9	0.34999999999999998	0.55000000000000004	0.55000000000000004	0.48999999999999999	0.46000000000000002	0.66000000000000003	0.35999999999999999	0.28999999999999998	0.44	0.90000000000000002	0.42999999999999999	0.53000000000000003	0.45000000000000001	0.34999999999999998	0.54000000000000004	0.31	0.67000000000000004	0.45000000000000001	0.81000000000000005	0.59999999999999998	1.1100000000000001	1.21	0.73999999999999999	0.75	0.66000000000000003	1.0900000000000001	0.87	0.57999999999999996	0.78000000000000003	0.60999999999999999	0.98999999999999999	1.5	1.1799999999999999	0.70999999999999996	0.70999999999999996	1.23	0.81999999999999995	0.45000000000000001	0.67000000000000004	0.63
C16.1n.7	3.1000000000000001	2.54	2.6499999999999999	2.8199999999999998	2.8500000000000001	7.2599999999999998	3.6000000000000001	3.27	2.3599999999999999	7.0099999999999998	2.7400000000000002	3.3300000000000001	2.3900000000000001	2.3599999999999999	2.4700000000000002	2.8100000000000001	6.3099999999999996	2.8599999999999999	7.8600000000000003	3.8900000000000001	13.09	4.8899999999999997	2.5800000000000001	2.27	2.8799999999999999	4.0499999999999998	3.3700000000000001	3.77	2.0699999999999998	5.4199999999999999	13.9	10.380000000000001	3.6600000000000001	3.5499999999999998	2.1800000000000002	10.66	5.1399999999999997	1.5900000000000001	4.0999999999999996	2.7200000000000002
C18.1n.9	16.98	20.07	22.890000000000001	21.920000000000002	21.379999999999999	28.23	17.620000000000001	17.02	18.390000000000001	36.68	21.75	23.859999999999999	17.93	20.140000000000001	19.66	14.69	33.840000000000003	17.789999999999999	33.5	24.609999999999999	35.609999999999999	35.909999999999997	21.23	25.100000000000001	23.149999999999999	38.32	32.039999999999999	21.039999999999999	22.489999999999998	21.43	33.549999999999997	41.229999999999997	36.590000000000003	24.82	24.09	38.270000000000003	25.530000000000001	16.489999999999998	25.120000000000001	19.969999999999999
C18.1n.7	2.4100000000000001	3.9199999999999999	3.96	2.52	2.96	8.9900000000000002	2.1499999999999999	1.99	1.8100000000000001	8.8499999999999996	2.6400000000000001	3.02	3.4900000000000002	2.3300000000000001	4.0199999999999996	1.8799999999999999	8.5600000000000005	2.0099999999999998	9.8800000000000008	3.8900000000000001	11.41	4.5800000000000001	2.8500000000000001	1.9099999999999999	2.8500000000000001	5.0700000000000003	3.7599999999999998	1.77	1.8200000000000001	2.2200000000000002	10.640000000000001	15.029999999999999	4.75	3.77	1.8300000000000001	11.550000000000001	3.1800000000000002	1.53	2.1099999999999999	3.1299999999999999
C20.1n.9	0.26000000000000001	0.23000000000000001	0.26000000000000001	0	0.29999999999999999	0.35999999999999999	0.25	0.31	0	0.20999999999999999	0	0.26000000000000001	0.27000000000000002	0.26000000000000001	0.22	0.31	0.46999999999999997	0	0	0.27000000000000002	0.37	0.29999999999999999	0.26000000000000001	0.38	0.45000000000000001	0.26000000000000001	0.41999999999999998	0.65000000000000002	0.44	0.25	0.29999999999999999	0.20000000000000001	0.35999999999999999	0.39000000000000001	0.40000000000000002	0.38	0.33000000000000002	0.37	0.20999999999999999	0.40000000000000002
C20.3n.9	0	0	0.19	0	0.27000000000000002	2.8900000000000001	0	0	0	2.0299999999999998	0	0.20000000000000001	0.20999999999999999	0.22	0.19	0	2.54	0	2.1299999999999999	0.27000000000000002	0.22	0.070000000000000007	0	0	0.070000000000000007	0.070000000000000007	0	0	0	0	0.070000000000000007	0.23000000000000001	0.070000000000000007	0	0	0.33000000000000002	0	0	0	0
C18.2n.6	8.9299999999999997	14.98	16.059999999999999	13.890000000000001	14.550000000000001	3.4700000000000002	8.7300000000000004	7.75	15.65	2.3100000000000001	12.640000000000001	15.02	15.74	15.529999999999999	15.65	9.3800000000000008	2.77	11.890000000000001	3.5600000000000001	13.539999999999999	5.6500000000000004	21.100000000000001	33.140000000000001	22.649999999999999	40.020000000000003	21.52	23.93	13.84	22.050000000000001	14.75	5.4500000000000002	2.79	22.93	31.309999999999999	23.09	5.5999999999999996	12.6	18.25	21.059999999999999	27.329999999999998
C18.3n.6	0	0.29999999999999999	0.27000000000000002	0	0.27000000000000002	2.6600000000000001	0	0	0	0	0	0.23000000000000001	0.28000000000000003	0.29999999999999999	0.46999999999999997	0	5.0700000000000003	0	0	0.23999999999999999	0.17000000000000001	0.40999999999999998	0.66000000000000003	0	0.84999999999999998	0.28000000000000003	0.32000000000000001	0.089999999999999997	0	0.12	0.17999999999999999	0.14000000000000001	0.31	0.46000000000000002	0	0.17999999999999999	0.080000000000000002	0	0.20999999999999999	0.42999999999999999
C20.2n.6	0	0.29999999999999999	0.33000000000000002	0	0.23000000000000001	0	0	0	0	0	0	0.20999999999999999	0.35999999999999999	0.19	0.34999999999999998	0	0	0	0	0.23000000000000001	0.050000000000000003	0.31	0.60999999999999999	0.27000000000000002	0.82999999999999996	0.32000000000000001	0.089999999999999997	0.12	0.23999999999999999	0.10000000000000001	0	0	0.33000000000000002	0.54000000000000004	0.23999999999999999	0.070000000000000007	0.11	0.26000000000000001	0.13	0.58999999999999997
C20.3n.6	0.78000000000000003	1.6399999999999999	1.51	1.1000000000000001	1.5800000000000001	0.81000000000000005	0.68000000000000005	0.71999999999999997	1.0700000000000001	0.58999999999999997	1.05	1.3200000000000001	1.6399999999999999	1.3700000000000001	1.6000000000000001	0.78000000000000003	0.67000000000000004	1	0.81999999999999995	1.4399999999999999	0.20000000000000001	0.53000000000000003	0.73999999999999999	0.38	1.04	0.34999999999999998	0.64000000000000001	0.22	0.46999999999999997	0.22	0.40000000000000002	0.11	0.40999999999999998	0.72999999999999998	0.40000000000000002	0.26000000000000001	0.17000000000000001	0.56999999999999995	0.14000000000000001	0.89000000000000001
C20.4n.6	3.0699999999999998	15.34	13.27	3.9199999999999999	11.85	5.0899999999999999	2.5699999999999998	2.6400000000000001	4.2300000000000004	3.6699999999999999	3.75	10.300000000000001	15.76	11.76	15.07	3.1200000000000001	3.8700000000000001	3.8300000000000001	4.96	10.6	1.55	2.98	8.6699999999999999	1.27	4.7199999999999998	1.8500000000000001	4.7599999999999998	1.3899999999999999	1.8700000000000001	1.52	2.9700000000000002	0.75	2	5.4699999999999998	1.8999999999999999	1.8300000000000001	0.95999999999999996	3.02	1.8400000000000001	11.18
C22.4n.6	0	0.57999999999999996	0.54000000000000004	0	0.32000000000000001	0	0	0	0	0	0	0.27000000000000002	0.71999999999999997	0.31	0.66000000000000003	0	0	0	0	0.31	0	0.17999999999999999	0.65000000000000002	0	0.72999999999999998	0.14000000000000001	0.26000000000000001	0.11	0	0	0.070000000000000007	0	0.17000000000000001	0.59999999999999998	0	0.050000000000000003	0.059999999999999998	0	0	0.63
C22.5n.6	0	2.1000000000000001	1.77	0	0.44	0.56000000000000005	0	0	0	0.39000000000000001	0	0.28999999999999998	2.52	0.45000000000000001	1.8899999999999999	0	0.42999999999999999	0	0	0.35999999999999999	0.17000000000000001	0.080000000000000002	0.97999999999999998	0.20999999999999999	1.1299999999999999	0.070000000000000007	0.19	0	0.19	0	0.38	0.070000000000000007	0.070000000000000007	0.94999999999999996	0	0.17000000000000001	0	0	0	1.6200000000000001
C18.3n.3	5.9699999999999998	0	0	0.48999999999999999	0.41999999999999998	0	8.4000000000000004	6.0099999999999998	0.55000000000000004	0	0.42999999999999999	0.53000000000000003	0	0.54000000000000004	0	6.2199999999999998	0	0	0	0.42999999999999999	0.089999999999999997	1	0.10000000000000001	1.1599999999999999	0.14000000000000001	1.1699999999999999	1.1599999999999999	21.5	1.3100000000000001	21.620000000000001	0.070000000000000007	0	1.3100000000000001	0.17000000000000001	1.45	0.070000000000000007	18.109999999999999	0.70999999999999996	14.390000000000001	0
C20.3n.3	0.37	0	0	0	0	0	0.41999999999999998	0.39000000000000001	0	0	0	0	0	0	0	0.37	0	0	0	0	0	0.070000000000000007	0	0	0	0.070000000000000007	0	0.64000000000000001	0	0.47999999999999998	0	0	0.070000000000000007	0	0	0	0.52000000000000002	0	0.23999999999999999	0
C20.5n.3	8.6199999999999992	0	0	2.9900000000000002	0.29999999999999999	0	7.3700000000000001	7.96	3.1299999999999999	0	2.8999999999999999	0.25	0	0.23000000000000001	0	9.4800000000000004	0	2.79	0	0.34999999999999998	0.14999999999999999	0.25	0.089999999999999997	2.1699999999999999	0.070000000000000007	0.16	0.29999999999999999	4.0999999999999996	2.6499999999999999	3.8599999999999999	0.17999999999999999	0.070000000000000007	0.20000000000000001	0	2.8199999999999998	0.13	2.6600000000000001	2.9100000000000001	2.3100000000000001	0.13
C22.5n.3	1.75	0.47999999999999998	0.22	1.04	0.34999999999999998	2.1299999999999999	2.0499999999999998	2.3300000000000001	1.6499999999999999	0	1.1599999999999999	0.42999999999999999	0	0.45000000000000001	0	2.0099999999999998	2.5800000000000001	1.0800000000000001	0	0.31	0	0.23999999999999999	0	2.04	0.059999999999999998	0.14999999999999999	0.28000000000000003	1.9399999999999999	2.1600000000000001	1.55	0	0	0.23000000000000001	0.20999999999999999	1.8	0.29999999999999999	1.27	1.6399999999999999	0.97999999999999998	0
C22.6n.3	10.390000000000001	2.6099999999999999	2.5099999999999998	14.99	6.6900000000000004	2.5600000000000001	9.8399999999999999	10.4	16.359999999999999	1.8600000000000001	16.210000000000001	6.6100000000000003	3.27	7.04	2.71	10.960000000000001	1.99	17.350000000000001	2.4399999999999999	5.9699999999999998	0.64000000000000001	2.1600000000000001	1.7	11.56	0.91000000000000003	1.22	3.4399999999999999	4.0199999999999996	13.26	4.4500000000000002	1.1599999999999999	0.28000000000000003	1.4099999999999999	1.1100000000000001	11.57	0.64000000000000001	2.29	16.280000000000001	3.8700000000000001	1.8300000000000001
