sample_id	group	donor_id	library_total	cv0
mouse_1	reference	mouse_1	99.989999999999995	lin
mouse_2	reference	mouse_2	99.989999999999981	sun
mouse_3	reference	mouse_3	99.999999999999986	sun
mouse_4	reference	mouse_4	100.01000000000001	fish
mouse_5	reference	mouse_5	100.01999999999998	ref
mouse_6	reference	mouse_6	99.999999999999986	coc
mouse_7	reference	mouse_7	100.01000000000001	lin
mouse_8	reference	mouse_8	100.00000000000001	lin
mouse_9	reference	mouse_9	100.00999999999999	fish
mouse_10	reference	mouse_10	100	coc
mouse_11	reference	mouse_11	99.990000000000009	fish
mouse_12	reference	mouse_12	100.01000000000001	ref
mouse_13	reference	mouse_13	99.969999999999999	sun
mouse_14	reference	mouse_14	100.02000000000002	ref
mouse_15	reference	mouse_15	99.989999999999981	sun
mouse_16	reference	mouse_16	99.990000000000038	lin
mouse_17	reference	mouse_17	100.02000000000002	coc
mouse_18	reference	mouse_18	100.02000000000001	fish
mouse_19	reference	mouse_19	99.979999999999976	coc
mouse_20	reference	mouse_20	99.999999999999986	ref
mouse_21	target	mouse_21	99.990000000000009	coc
mouse_22	target	mouse_22	99.999999999999986	ref
mouse_23	target	mouse_23	100.01000000000001	sun
mouse_24	target	mouse_24	99.999999999999986	fish
mouse_25	target	mouse_25	99.969999999999999	sun
mouse_26	target	mouse_26	99.999999999999972	ref
mouse_27	target	mouse_27	100	ref
mouse_28	target	mouse_28	100.00999999999999	lin
mouse_29	target	mouse_29	100.02000000000001	fish
mouse_30	target	mouse_30	100.01000000000001	lin
mouse_31	target	mouse_31	100.00999999999999	coc
mouse_32	target	mouse_32	99.989999999999995	coc
mouse_33	target	mouse_33	99.989999999999981	ref
mouse_34	target	mouse_34	100.02	sun
mouse_35	target	mouse_35	99.990000000000009	fish
mouse_36	target	mouse_36	99.989999999999981	coc
mouse_37	target	mouse_37	99.999999999999986	lin
mouse_38	target	mouse_38	99.989999999999981	fish
mouse_39	target	mouse_39	99.989999999999995	lin
mouse_40	target	mouse_40	99.980000000000004	sun
