sample_id	group	donor_id	library_total
PB000001	reference	101	127183
PB000002	target	101	162695
PB000003	reference	1015	552545
PB000004	target	1015	436755
PB000005	reference	1016	155845
PB000006	target	1016	140347
PB000007	reference	1039	37551
PB000008	target	1039	66371
PB000009	reference	107	52658
PB000010	target	107	72374
PB000011	reference	1244	157830
PB000012	target	1244	127309
PB000013	reference	1256	259126
PB000014	target	1256	265414
PB000015	reference	1488	288109
PB000016	target	1488	383162
