feature_id	baseline_rank	baseline_t	best_observed_rank	worst_observed_rank	loo_selected_count	loo_scenarios	loo_selection_fraction	loo_sign_changes	baseline_topk
C16.1n.9	1	5.0109857867327081	1	1	40	40	1.0	0	True
C20.1n.9	2	3.7740982747430754	2	3	40	40	1.0	0	True
C18.2n.6	3	3.3977417881807948	2	3	40	40	1.0	0	True
C18.1n.9	4	2.6100898354129214	4	5	40	40	1.0	0	True
C20.2n.6	5	2.5060490701353184	4	5	40	40	1.0	0	True
C14.0	6	1.8126061804158751	6	7	0	40	0.0	0	False
C18.3n.3	7	1.5324656235052654	6	8	0	40	0.0	0	False
C16.1n.7	8	1.4951720194644171	7	8	0	40	0.0	0	False
C18.1n.7	9	0.67342818393992787	9	10	0	40	0.0	0	False
C20.3n.3	10	0.47142721174270746	9	11	0	40	0.0	1	False
C22.4n.6	11	-0.037142288421157507	10	12	0	40	0.0	20	False
C18.3n.6	12	-0.93448731747837321	11	14	0	40	0.0	0	False
C22.5n.3	13	-0.953878383992252	12	14	0	40	0.0	0	False
C22.5n.6	14	-1.1774982339521343	12	15	0	40	0.0	0	False
C20.5n.3	15	-1.3032848949847524	13	15	0	40	0.0	0	False
C22.6n.3	16	-2.1350271510612497	16	17	0	40	0.0	0	False
C20.3n.9	17	-2.3139605791371713	16	17	0	40	0.0	0	False
C20.4n.6	18	-3.4573381451520038	18	18	0	40	0.0	0	False
C20.3n.6	19	-6.5723599246007414	19	20	0	40	0.0	0	False
C18.0	20	-6.6209837226990889	19	20	0	40	0.0	0	False
C16.0	21	-7.5130946183590304	21	21	0	40	0.0	0	False
