sample_id	group	donor_id
mouse_1	wt	mouse_1
mouse_2	wt	mouse_2
mouse_3	wt	mouse_3
mouse_4	wt	mouse_4
mouse_5	wt	mouse_5
mouse_6	wt	mouse_6
mouse_7	wt	mouse_7
mouse_8	wt	mouse_8
mouse_9	wt	mouse_9
mouse_10	wt	mouse_10
mouse_11	wt	mouse_11
mouse_12	wt	mouse_12
mouse_13	wt	mouse_13
mouse_14	wt	mouse_14
mouse_15	wt	mouse_15
mouse_16	wt	mouse_16
mouse_17	wt	mouse_17
mouse_18	wt	mouse_18
mouse_19	wt	mouse_19
mouse_20	wt	mouse_20
mouse_21	ppar	mouse_21
mouse_22	ppar	mouse_22
mouse_23	ppar	mouse_23
mouse_24	ppar	mouse_24
mouse_25	ppar	mouse_25
mouse_26	ppar	mouse_26
mouse_27	ppar	mouse_27
mouse_28	ppar	mouse_28
mouse_29	ppar	mouse_29
mouse_30	ppar	mouse_30
mouse_31	ppar	mouse_31
mouse_32	ppar	mouse_32
mouse_33	ppar	mouse_33
mouse_34	ppar	mouse_34
mouse_35	ppar	mouse_35
mouse_36	ppar	mouse_36
mouse_37	ppar	mouse_37
mouse_38	ppar	mouse_38
mouse_39	ppar	mouse_39
mouse_40	ppar	mouse_40
