"scenario_id"	"deleted_units"
"drop_Golub_train_01"	"[""Golub_train_01""]"
"drop_Golub_train_02"	"[""Golub_train_02""]"
"drop_Golub_train_03"	"[""Golub_train_03""]"
"drop_Golub_train_04"	"[""Golub_train_04""]"
"drop_Golub_train_05"	"[""Golub_train_05""]"
"drop_Golub_train_06"	"[""Golub_train_06""]"
"drop_Golub_train_07"	"[""Golub_train_07""]"
"drop_Golub_train_08"	"[""Golub_train_08""]"
"drop_Golub_train_09"	"[""Golub_train_09""]"
"drop_Golub_train_10"	"[""Golub_train_10""]"
"drop_Golub_train_11"	"[""Golub_train_11""]"
"drop_Golub_train_12"	"[""Golub_train_12""]"
"drop_Golub_train_13"	"[""Golub_train_13""]"
"drop_Golub_train_14"	"[""Golub_train_14""]"
"drop_Golub_train_15"	"[""Golub_train_15""]"
"drop_Golub_train_16"	"[""Golub_train_16""]"
"drop_Golub_train_17"	"[""Golub_train_17""]"
"drop_Golub_train_18"	"[""Golub_train_18""]"
"drop_Golub_train_19"	"[""Golub_train_19""]"
"drop_Golub_train_20"	"[""Golub_train_20""]"
"drop_Golub_train_21"	"[""Golub_train_21""]"
"drop_Golub_train_22"	"[""Golub_train_22""]"
"drop_Golub_train_23"	"[""Golub_train_23""]"
"drop_Golub_train_24"	"[""Golub_train_24""]"
"drop_Golub_train_25"	"[""Golub_train_25""]"
"drop_Golub_train_26"	"[""Golub_train_26""]"
"drop_Golub_train_27"	"[""Golub_train_27""]"
"drop_Golub_train_28"	"[""Golub_train_28""]"
"drop_Golub_train_29"	"[""Golub_train_29""]"
"drop_Golub_train_30"	"[""Golub_train_30""]"
"drop_Golub_train_31"	"[""Golub_train_31""]"
"drop_Golub_train_32"	"[""Golub_train_32""]"
"drop_Golub_train_33"	"[""Golub_train_33""]"
"drop_Golub_train_34"	"[""Golub_train_34""]"
"drop_Golub_train_35"	"[""Golub_train_35""]"
"drop_Golub_train_36"	"[""Golub_train_36""]"
"drop_Golub_train_37"	"[""Golub_train_37""]"
"drop_Golub_train_38"	"[""Golub_train_38""]"
