feature_id	baseline_rank	baseline_t	target_minus_reference	baseline_topk
P10636-8ups|TAU_HUMAN_UPS	1	17.472852638574945	1.9141279282771002	True
P00918ups|CAH2_HUMAN_UPS	2	12.435820169181682	2.188052845676173	True
P01127ups|PDGFB_HUMAN_UPS	3	11.378329432620367	2.5648834200786239	True
P08311ups|CATG_HUMAN_UPS	4	9.9129936240025298	2.2081642504404351	True
P02144ups|MYG_HUMAN_UPS	5	8.7227657066679711	2.361885743267385	True
P02787ups|TRFE_HUMAN_UPS;CON__Q2HJF0	6	6.8892836565416529	2.4748971034338694	True
sp|P53335|PXR1_YEAST	7	5.9766937129866644	0.56319706817687754	True
P10145ups|IL8_HUMAN_UPS	8	5.6323548592432626	2.8836437460422957	True
sp|P38203|LSM2_YEAST	9	5.6084224595685024	1.3371503853206381	True
sp|P14120|RL30_YEAST	10	5.5143002985022527	0.48087591405861591	True
P63279ups|UBC9_HUMAN_UPS	11	5.3178615858347831	2.1746103367106984	True
P61769ups|B2MG_HUMAN_UPS	12	5.193148847394693	2.0197998501431882	True
sp|P07347|ARD1_YEAST	13	4.7853691895000594	0.31352150983539318	True
P63165ups|SUMO1_HUMAN_UPS	14	4.5418959846407017	1.8078863145669988	True
P08263ups|GSTA1_HUMAN_UPS	15	4.5343889591363427	2.4946063828174885	True
P99999ups|CYC_HUMAN_UPS;CON__P62894	16	4.2639911029916906	2.8679498088244935	True
P04040ups|CATA_HUMAN_UPS	17	4.111080873594207	3.6461228053431962	True
P02753ups|RETBP_HUMAN_UPS	18	4.0015736150434282	1.3370574045808787	True
Q06830ups|PRDX1_HUMAN_UPS	19	3.8929895049449246	2.8706153124456009	True
P06732ups|KCRM_HUMAN_UPS	20	3.7847262785736775	3.5233428268716298	True
sp|P32614|FRDS_YEAST	21	3.7042883082112863	0.53355412755407627	False
sp|Q12211|PUS1_YEAST	22	3.442269645464255	1.1322641841734284	False
sp|P0CT04|IPB2_YEAST	23	3.4274603236754526	0.1301290274165178	False
sp|P53200|AML1_YEAST	24	3.2490384870127347	0.52429581005385606	False
P62937ups|PPIA_HUMAN_UPS	25	2.8871312775036788	1.914948109887342	False
sp|P25045|LCB1_YEAST	26	2.8632654141360421	0.30708381306065274	False
sp|P39105|PLB1_YEAST	27	2.7360012096009783	0.20893265173379069	False
sp|P14906|SEC63_YEAST	28	2.703478955234718	0.2521080440924699	False
sp|P15700|KCY_YEAST	29	2.3699902677257243	2.212950722953007	False
sp|P38701|RS20_YEAST	30	2.1485398113112391	0.27760947839927869	False
sp|P49367|LYS4_YEAST	31	2.1117538142908918	0.90398987630248462	False
sp|P19358|METK2_YEAST	32	2.0963946963411568	0.66085530857566377	False
sp|P38295|MCFS2_YEAST	33	2.0449275229813515	3.6086427278471369	False
sp|P53326|YG5L_YEAST	34	2.0337166337031261	1.4540517170662379	False
sp|P40215|NDH1_YEAST	35	2.0118685231432787	0.77181645168521607	False
sp|P39986|ATC6_YEAST	36	1.9686259010870366	0.28506170928046021	False
sp|Q00055|GPD1_YEAST	37	1.8808099016936926	0.65174719896799493	False
sp|P17891|CLC1_YEAST	38	1.8579083857227066	0.57112496384838118	False
sp|P32502|EI2BB_YEAST	39	1.8204499294014975	0.28958870692211153	False
sp|P32588|PUB1_YEAST	40	1.7967550749320191	0.21088594413197725	False
sp|P26755|RFA3_YEAST	41	1.7895488289435446	0.31536483343934779	False
sp|P53633|PRA1_YEAST	42	1.7882490939138171	0.62556594173761226	False
sp|P36114|YKR18_YEAST	43	1.7649976192338213	0.23329685539855424	False
sp|P40069|IMB4_YEAST	44	1.747285723483474	0.36120503764031042	False
sp|P53183|YGD9_YEAST	45	1.7299051895598521	0.42789270604687601	False
sp|P25382|NLE1_YEAST	46	1.7144117664329488	0.58259476593199133	False
sp|Q12250|RPN5_YEAST	47	1.7128493088608951	0.75142273967838824	False
sp|P53742|NOG2_YEAST	48	1.6941299647938455	0.39232700247207336	False
sp|P36018|YPT52_YEAST;sp|P36019|YPT53_YEAST	49	1.6865551290883187	0.42767186579511335	False
sp|P27514|PHO91_YEAST	50	1.6775772337189541	0.36181714011214439	False
sp|P38626|NCB5R_YEAST	51	1.6681401383456209	0.46227078347204298	False
sp|P38328|ARPC1_YEAST	52	1.6611266784188996	0.17762681617923093	False
sp|P38256|YBU6_YEAST	53	1.6601868413178922	0.31122355285049369	False
sp|Q05775|EIF3J_YEAST	54	1.6565675863776022	0.21608630880957946	False
sp|P20424|SRP54_YEAST	55	1.6494751959122795	0.2494281498991929	False
sp|P28319|CWP1_YEAST	56	1.6253012188796045	0.25854143877426594	False
sp|Q06406|LSM6_YEAST	57	1.6211082118507947	0.44331550852462459	False
sp|Q3E764|TMA7_YEAST	58	1.5981556459032782	0.23363980521458907	False
sp|P40040|THO1_YEAST	59	1.5880544921789499	0.52819382886609623	False
sp|Q04869|YM94_YEAST	60	1.5864220553233221	0.43913014244044152	False
sp|P32386|YBT1_YEAST	61	1.5827844512667861	0.39805193330063321	False
sp|P0CX38|RS6B_YEAST;sp|P0CX37|RS6A_YEAST	62	1.5740235461402969	0.20169461020383631	False
sp|P26321|RL5_YEAST	63	1.5581457819846982	0.30035803680713019	False
sp|P25297|PHO84_YEAST	64	1.5417680932742335	0.22818028967506976	False
sp|P16861|PFKA1_YEAST	65	1.5399701273531659	0.11619651804223825	False
sp|P38174|MAP2_YEAST	66	1.4953473539994659	0.47410265140936642	False
sp|P32899|IMP3_YEAST	67	1.4838638098997954	0.80988417707461424	False
sp|P32583|SRP40_YEAST	68	1.4651095728711347	0.36037761690067072	False
sp|P39966|PP2C2_YEAST	69	1.4592887980525431	0.46980131903955424	False
P51965ups|UB2E1_HUMAN_UPS	70	1.4459713073607583	2.3807910202448732	False
sp|P39744|NOC2_YEAST	71	1.4123876448913477	0.57470083642085967	False
sp|P33204|ARPC4_YEAST	72	1.4051157556868352	0.32477103655305584	False
sp|P32832|RSC7_YEAST	73	1.3952498638206898	0.62429033607346562	False
sp|P53043|PPT1_YEAST	74	1.3738023670016346	1.1242339245276571	False
sp|P27614|CBPS_YEAST	75	1.3707723147936595	0.46059942509302471	False
sp|P53111|ARI1_YEAST	76	1.3697704542285416	0.39578050138323917	False
sp|Q08208|NOP12_YEAST	77	1.3567261178303403	0.16655912928730268	False
sp|P36046|MIA40_YEAST	78	1.3453796209631435	0.6648934268687311	False
sp|Q07381|TSR1_YEAST	79	1.3432332321839966	0.69312241033867161	False
sp|P35184|SQT1_YEAST	80	1.3380379598376504	0.21339991741070227	False
sp|Q01649|CIK1_YEAST	81	1.3128927781032138	0.53456400753200128	False
sp|Q05785|ENT2_YEAST	82	1.3002014237328097	0.70348227717922762	False
sp|P32621|GDA1_YEAST	83	1.2946543275924891	0.35189698911284734	False
sp|P24031|PPA3_YEAST;sp|P00635|PPA5_YEAST;sp|P38693|PPAC_YEAST;sp|P35842|PPAB_YEAST	84	1.294281868988665	0.51204105628984442	False
sp|P53914|KRE33_YEAST	85	1.2904867741231152	0.31704711675638225	False
sp|Q12233|ATPN_YEAST	86	1.2840617626313635	0.46708805291932148	False
sp|P47035|NET1_YEAST	87	1.2792765111190512	0.7135162448419935	False
sp|P40581|GPX3_YEAST	88	1.2634584727842804	0.26019501880193258	False
sp|P34216|EDE1_YEAST	89	1.2632824168043724	0.4400783598499925	False
sp|Q06252|YL179_YEAST	90	1.2605357576907801	0.18350483104044338	False
sp|P32568|SNQ2_YEAST;sp|P53756|PDR18_YEAST;sp|Q02785|PDR12_YEAST	91	1.2430053011160496	0.16880091985657705	False
sp|P07263|SYH_YEAST	92	1.2306141899140552	0.43304696131499298	False
sp|P38882|UTP9_YEAST	93	1.2277712289105316	2.2522242687839764	False
sp|Q06214|JIP5_YEAST	94	1.2270348517219445	1.0536257097697177	False
sp|Q00245|RHO3_YEAST	95	1.2077274228602635	0.66586764271459487	False
sp|P32485|HOG1_YEAST;sp|P41808|SMK1_YEAST;sp|Q00772|SLT2_YEAST	96	1.1975623007669758	0.33764990249814514	False
sp|Q03305|RMT2_YEAST	97	1.186213506375279	0.24260594014705936	False
sp|P21147|ACO1_YEAST	98	1.1814927735752121	0.36980503265106773	False
sp|P38197|YBD6_YEAST	99	1.1800914745523632	0.21080220731786525	False
sp|Q12359|ATO3_YEAST	100	1.172379096099228	0.26645217019220863	False
sp|P50107|LGUL_YEAST	101	1.158340319362734	0.52601589021735862	False
sp|Q02725|VTC3_YEAST	102	1.1498456686998557	0.7028705151050918	False
sp|P07273|TFS2_YEAST	103	1.1473275695642549	0.28340723934221046	False
sp|P42942|YG4I_YEAST	104	1.1468480956275899	0.48134764087941723	False
sp|P00498|HIS1_YEAST	105	1.1457415603966166	0.26595336442192635	False
sp|P10869|AK_YEAST	106	1.1335094744806145	0.40663592068559612	False
sp|P38688|SRP72_YEAST	107	1.1316480054638776	0.75345334338134384	False
sp|P07213|TOM70_YEAST	108	1.1276455524234876	0.1669055821827842	False
sp|Q96VH5|MIC10_YEAST	109	1.1185989320529883	0.13300801843175472	False
sp|P33297|PRS6A_YEAST	110	1.1104083627756971	0.43743858347994785	False
sp|Q3E834|YOS1_YEAST	111	1.1101906796014587	0.37151310880116739	False
sp|P32379|PSA5_YEAST	112	1.1059491211489125	0.14000780556047707	False
sp|Q01080|RPA49_YEAST	113	1.1010182626102671	0.23863219749176068	False
sp|P13517|CAPZB_YEAST	114	1.0850246865628526	0.15109192301738497	False
sp|P48836|VATG_YEAST	115	1.0798542004813179	0.11235055388394126	False
sp|P40970|LCB2_YEAST	116	1.0782647725972014	0.78654188332165142	False
sp|P41810|COPB_YEAST	117	1.0766700559878231	0.26110966500500626	False
sp|P20051|PYRC_YEAST	118	1.07580429800635	0.2612475413446802	False
sp|P00899|TRPE_YEAST	119	1.0711125050504331	0.17947380983301167	False
sp|P40093|YEY6_YEAST	120	1.0693585854717194	0.4713631195354348	False
sp|Q04067|EIF3G_YEAST	121	1.0627663971789498	0.11450954356328324	False
sp|P11938|RAP1_YEAST	122	1.058280323830201	0.27325618241340521	False
sp|P42838|LEM3_YEAST	123	1.0565316161075136	0.28118635653323193	False
sp|Q08971|YP225_YEAST	124	1.0508665010717575	0.59876465751790298	False
sp|Q08686|THTR_YEAST	125	1.0407249950483788	1.1094730399706023	False
sp|P38143|GPX2_YEAST	126	1.0399530063336462	0.43005984584196827	False
sp|P39111|VATF_YEAST	127	1.0370771063929454	0.11644401524139998	False
sp|Q06405|ATPK_YEAST	128	1.0294257172243479	0.24784364650016735	False
sp|Q12009|TRMB_YEAST	129	1.0139298712446636	0.35216621171698037	False
sp|P33442|RS3A1_YEAST	130	0.98867594317170782	0.10533998372569897	False
sp|P31383|2AAA_YEAST	131	0.98336233614964852	0.45736885094580398	False
sp|P40202|CCS1_YEAST	132	0.98135841785279254	0.34077827225569024	False
sp|P48234|NOL10_YEAST	133	0.97988067773417542	0.34620214233463464	False
sp|P38788|SSZ1_YEAST	134	0.97424217248915246	0.14475970881249958	False
sp|P05748|RL15A_YEAST	135	0.96444830677354765	0.20675489963938887	False
sp|Q06705|CSR1_YEAST	136	0.96154109244637664	0.26725865923914444	False
sp|P43123|UAP1_YEAST	137	0.94044902211815817	0.30704166072591238	False
sp|P0CX40|RS8B_YEAST;sp|P0CX39|RS8A_YEAST	138	0.9403911554754425	0.070696147578866927	False
sp|P10080|SSBP1_YEAST	139	0.93898834785326335	0.60729102876145313	False
sp|P22138|RPA2_YEAST	140	0.9385405486641879	0.11196401547322903	False
sp|Q03690|CLU_YEAST	141	0.92884369850065041	0.070541158033191678	False
sp|Q06385|VPS74_YEAST	142	0.92157373728497249	0.60007024079085747	False
sp|Q05905|HRI1_YEAST	143	0.92069453651726563	0.64761162416431139	False
sp|P53920|NM111_YEAST	144	0.91783726683976519	0.21802632212659745	False
sp|P49573|CTR1_YEAST	145	0.91471499184445126	0.31929030172902156	False
sp|P34241|URB1_YEAST	146	0.9083025424716451	0.32346596654063237	False
sp|Q01852|TIM44_YEAST	147	0.90467390114950763	0.58988984992475579	False
sp|P40010|NUG1_YEAST	148	0.90196701182890593	0.30589397689597675	False
sp|P38205|NCL1_YEAST	149	0.89349718732742067	0.18593656695087191	False
sp|Q08641|AB140_YEAST	150	0.87935332777124453	0.50767677996837668	False
sp|P27810|KTR1_YEAST	151	0.87560303200911804	0.2068436946834519	False
sp|P0CX52|RS16B_YEAST;sp|P0CX51|RS16A_YEAST	152	0.87372683994047484	0.20769171133702238	False
sp|P22768|ASSY_YEAST	153	0.86276834057742147	0.19243256695510644	False
sp|Q12156|AIM7_YEAST	154	0.86077142561412812	0.17686259957531666	False
sp|P11076|ARF1_YEAST;sp|P19146|ARF2_YEAST	155	0.85854976606119704	0.26924697385545332	False
sp|P38077|ATPG_YEAST	156	0.85471981216132542	0.14780928078267172	False
sp|P25296|CANB_YEAST	157	0.85335268970495559	0.31362354417301103	False
sp|P54839|HMCS_YEAST	158	0.84828601263403602	0.45593457052628256	False
sp|Q05050|EIS1_YEAST	159	0.84461727266727704	0.22074717319208639	False
sp|P29547|EF1G1_YEAST	160	0.84058538044064068	0.47580610979753263	False
sp|Q00955|ACAC_YEAST	161	0.83960920273434403	0.060457198111302311	False
sp|P17695|GLRX2_YEAST	162	0.83205975865165327	0.13146042412691492	False
sp|Q08096|RCL1_YEAST	163	0.82809849861718454	0.24130494613717346	False
sp|P42945|UTP10_YEAST	164	0.8221542627838534	0.20114220944907046	False
sp|P0CX48|RS11B_YEAST;sp|P0CX47|RS11A_YEAST	165	0.81378349232015579	0.43699021470960869	False
sp|P21264|PUR6_YEAST	166	0.80399865539178328	0.28978791064935788	False
sp|Q02821|IMA1_YEAST	167	0.79925398669491832	0.1775237921747331	False
sp|P25373|GLRX1_YEAST	168	0.78078307631910671	0.38609124829580804	False
sp|P41819|DIM1_YEAST	169	0.77594332269204869	0.1208380670558995	False
sp|P54837|TMEDA_YEAST	170	0.76872777816796267	0.44273387271898201	False
sp|P25340|ERG4_YEAST	171	0.76118618333673349	0.38766871162590988	False
sp|P47154|STE24_YEAST	172	0.7584619111516897	0.15278954140628187	False
sp|P32478|HS150_YEAST	173	0.75412731714499326	0.30960178774396141	False
sp|P38130|KTR3_YEAST	174	0.75296227580631114	0.30300387947176688	False
sp|P02557|TBB_YEAST	175	0.75117438334451403	0.63472263873388834	False
sp|Q03771|YD161_YEAST	176	0.74332960664968739	0.76320614340856707	False
sp|P41807|VATH_YEAST	177	0.7387868216476271	0.2233376846233277	False
sp|P25586|KRR1_YEAST	178	0.73621523782337528	0.16596575852724152	False
sp|Q99258|RIB3_YEAST	179	0.7360517052081722	0.25660875081686169	False
sp|P54003|SUR7_YEAST	180	0.73355051487671241	0.37073936397383872	False
sp|P53860|PDR16_YEAST	181	0.73199488538750135	0.18340475733714356	False
sp|P14540|ALF_YEAST	182	0.73131481406315335	0.056779996176269755	False
sp|P40096|NCB1_YEAST	183	0.72538490050236826	0.52570138697925317	False
sp|P34167|IF4B_YEAST	184	0.72070868120177978	0.19323171233190214	False
sp|Q08972|NEW1_YEAST	185	0.71634341531885992	0.082164814758664065	False
sp|P48570|HOSC_YEAST	186	0.71441374400906199	0.11870311283904893	False
sp|P12945|NAT1_YEAST	187	0.70754918763141283	0.23445788645049484	False
sp|P43555|EMP47_YEAST	188	0.70534680705486896	0.079738481103329192	False
sp|P36008|EF1G2_YEAST	189	0.69032837019447935	0.11464270023951073	False
sp|P40054|SERA_YEAST	190	0.6879944643995024	0.30798459934619987	False
sp|P49166|RL37A_YEAST	191	0.68760763864811469	0.13909527422609594	False
sp|Q12154|GET3_YEAST	192	0.68737548415339988	0.26769466610664	False
sp|P32074|COPG_YEAST	193	0.67587593827404302	0.06939575159784421	False
sp|Q07478|SUB2_YEAST	194	0.67557976843822776	0.16226724966940628	False
sp|P05745|RL36A_YEAST	195	0.67363525446726391	0.50790869606948164	False
sp|P00931|TRP_YEAST	196	0.67271379562210665	0.068764948517857263	False
sp|P22943|HSP12_YEAST	197	0.66900952842397809	0.15741475879712277	False
sp|P53254|UTP22_YEAST	198	0.66701086671172494	0.49991404419088664	False
sp|P47089|DENR_YEAST	199	0.66235217367577359	0.18692130297560303	False
sp|Q08193|GAS5_YEAST	200	0.6601408186679818	0.11250348678594217	False
sp|P47075|VTC4_YEAST	201	0.64513168153751355	0.27994528829122939	False
sp|P41920|YRB1_YEAST	202	0.64354032703692421	0.15430201964092424	False
sp|P48837|NUP57_YEAST	203	0.6361256272087078	0.2148008593230569	False
sp|P40053|AIM9_YEAST	204	0.63268154045587899	0.15612591947868992	False
sp|P28241|IDH2_YEAST	205	0.62984229935603897	0.2129915720662178	False
sp|P39079|TCPZ_YEAST	206	0.6216326860623278	0.16297286278023293	False
sp|P11484|HSP75_YEAST	207	0.61993308819502557	0.056309156326566523	False
P01008ups|ANT3_HUMAN_UPS;CON__P41361	208	0.61497583676595191	0.72034189788157954	False
sp|P43603|LSB3_YEAST;sp|P32793|YSC84_YEAST	209	0.61122202613585697	0.12235999029759152	False
sp|P07264|LEUC_YEAST	210	0.6111180761338898	0.072816497334348654	False
sp|P33775|PMT1_YEAST	211	0.60541879923928321	0.38658187507677627	False
sp|P09436|SYIC_YEAST	212	0.60515491187909043	0.084395112575260597	False
sp|P32486|KRE6_YEAST	213	0.60509852473675918	0.19959661370918388	False
sp|P38281|APD1_YEAST	214	0.59871815629748815	0.19025332725702526	False
sp|P17423|KHSE_YEAST	215	0.59748666810030804	0.38903045589920637	False
sp|P48439|OST3_YEAST	216	0.59568519242948592	0.47220636136236277	False
sp|P20449|DBP5_YEAST	217	0.58839810782776791	0.13355815672114466	False
sp|P20459|IF2A_YEAST	218	0.58568032338855491	0.14726458800035994	False
sp|P50085|PHB2_YEAST	219	0.57759983752724242	0.17627934864890213	False
sp|P54783|ALO_YEAST	220	0.56633118635684232	0.081132279070841903	False
sp|P16603|NCPR_YEAST	221	0.56632907477212635	0.11215002633658126	False
sp|P15454|KGUA_YEAST	222	0.56298143783980004	0.08113356920624426	False
sp|P32802|TMN1_YEAST;sp|Q04562|TMN2_YEAST	223	0.56157633649869432	0.34406413071849212	False
sp|P34227|PRX1_YEAST	224	0.55874159329727691	0.39340241123421887	False
sp|P40413|TCPE_YEAST	225	0.55535265854216609	0.10751161501927105	False
sp|P09232|PRTB_YEAST	226	0.54359728751132474	0.17702878119654386	False
sp|P30656|PSB5_YEAST	227	0.53917164251681815	0.17250950317046568	False
sp|P32471|EF1B_YEAST	228	0.53494577207784622	0.19203535954711151	False
sp|P36017|VPS21_YEAST	229	0.53402453410821205	0.21964523225101473	False
sp|P36160|RPF2_YEAST	230	0.53398849854524655	0.28963126723958271	False
sp|P0CX50|RL18B_YEAST;sp|P0CX49|RL18A_YEAST	231	0.53321678233293213	0.15458613487162984	False
sp|Q99207|NOP14_YEAST	232	0.53312424989828888	0.40089303384812008	False
sp|P53900|PFD4_YEAST	233	0.52925675587703802	0.12732466488842675	False
sp|P05626|ATPF_YEAST	234	0.5264560860178028	0.06230650162546425	False
sp|P06101|CDC37_YEAST	235	0.52615465638299885	0.11426009255719076	False
sp|P38199|HEK2_YEAST	236	0.52525029588472971	0.26535007655621828	False
sp|P47160|ENT3_YEAST	237	0.52502883712082415	0.13807624665736759	False
sp|Q03640|TCB3_YEAST	238	0.51896063301338391	0.18637292323049692	False
sp|Q08977|YP260_YEAST	239	0.51876222691750606	0.38022231796157574	False
sp|P00958|SYMC_YEAST	240	0.51358484273386873	0.079045441433699182	False
sp|Q06106|MRD1_YEAST	241	0.51018136874203901	0.18184491042548126	False
sp|P53011|SEH1_YEAST	242	0.50880793752095332	0.24634739872595426	False
sp|P38755|OSH7_YEAST	243	0.50787787066021339	0.63886062927285658	False
sp|Q08962|NIP7_YEAST	244	0.50569458425527714	0.25471633292366275	False
sp|P25349|YCP4_YEAST	245	0.50361363928736347	0.46795343533562556	False
sp|Q07657|SHS1_YEAST	246	0.5025775599805431	0.3691268935565688	False
sp|P11745|RNA1_YEAST	247	0.49855193609919518	0.3235580068255442	False
sp|P35178|RRP1_YEAST	248	0.49797540175063654	0.1825997476817148	False
sp|Q12389|DBP10_YEAST	249	0.49651173441141994	0.2637173502505033	False
sp|P33734|HIS5_YEAST	250	0.49470373370628934	0.25780797912599124	False
sp|P00817|IPYR_YEAST	251	0.49409000876126608	0.092140257478281029	False
sp|P28707|SBA1_YEAST	252	0.49271340855005646	0.049377775702694748	False
sp|P40893|REE1_YEAST	253	0.48588055632098698	0.33923079849295235	False
sp|Q12466|TCB1_YEAST	254	0.48479006931190294	0.16220562449002784	False
sp|Q12314|SFM1_YEAST	255	0.48312233858276749	0.10742375644209545	False
sp|P40055|UTP7_YEAST	256	0.47485734513454775	0.23838706344036353	False
sp|Q02776|TIM50_YEAST	257	0.46900937102021967	0.14914237884660983	False
sp|P38250|IST2_YEAST	258	0.46777050075236443	0.12059241367023905	False
sp|Q08687|TMA16_YEAST	259	0.4665375216080439	0.20945847958241734	False
sp|P38009|PUR92_YEAST	260	0.46217361114258665	0.10292795333655273	False
sp|P87262|RL34A_YEAST;sp|P40525|RL34B_YEAST	261	0.46068037068897183	0.12269769149422179	False
sp|P38426|TPS3_YEAST	262	0.45217840470425075	0.44385747842759454	False
sp|P09734|TBA3_YEAST	263	0.44578870381142832	0.14094285540733983	False
sp|Q07541|YD121_YEAST	264	0.4445914419937374	0.14674260441170381	False
sp|P32910|RPC6_YEAST	265	0.43539432207668871	0.11789874528571964	False
sp|P05319|RLA2_YEAST	266	0.43012199270223644	0.35641171595660143	False
sp|P02829|HSP82_YEAST	267	0.42961611528591775	0.086692950902741941	False
sp|P49626|RL4B_YEAST	268	0.42924370597278527	0.063779089328556651	False
sp|P32352|ERG2_YEAST	269	0.42512563411283977	0.056612549734223215	False
sp|P05738|RL9A_YEAST	270	0.42068064915149722	0.050235992482001279	False
sp|P38986|ASPG1_YEAST	271	0.42034137135540689	0.086265765968143171	False
sp|P11075|SEC7_YEAST	272	0.41815889237773557	0.19509376179576896	False
sp|P43586|LOC1_YEAST	273	0.41657227320895179	0.19140223190254821	False
sp|P38682|GLO3_YEAST	274	0.41624304623992375	0.054048669336220691	False
sp|P33299|PRS7_YEAST	275	0.41352949441267384	0.244099933567797	False
sp|P16387|ODPA_YEAST	276	0.41274683203997209	0.1209791407516505	False
sp|P32565|RPN2_YEAST;sp|P47169|MET5_YEAST	277	0.41222850608869949	0.070344298310195327	False
sp|P05318|RLA1_YEAST	278	0.40277174952371492	0.16052883155454842	False
sp|P40495|LYS12_YEAST	279	0.40276316790701611	0.047354847240753152	False
sp|P38116|ARL1_YEAST	280	0.40252512286672415	0.040215584724985355	False
sp|Q12363|WTM1_YEAST	281	0.40242774033671574	0.06835146896147748	False
sp|P05747|RL29_YEAST	282	0.39658321270464475	0.25880876939145853	False
sp|P38998|LYS1_YEAST	283	0.3940477322443276	0.042542883986106027	False
sp|P28272|PYRD_YEAST	284	0.38636795780139627	0.183773513859812	False
sp|Q12189|RPIA_YEAST	285	0.3849646192411908	0.072209697662575678	False
sp|P00812|ARGI_YEAST	286	0.37881958514031544	0.075559965551478328	False
sp|P07251|ATPA_YEAST	287	0.3765507720001845	0.07863117472192134	False
sp|Q12464|RUVB2_YEAST	288	0.37652729918365407	0.052297234884567466	False
sp|P38810|SFB3_YEAST	289	0.37331075596358404	0.37998411189248138	False
sp|P49723|RIR4_YEAST	290	0.37113296959880693	0.082638816710531415	False
sp|P53909|ADE_YEAST	291	0.36877143602893619	0.12237737050148094	False
sp|P43577|GNA1_YEAST	292	0.36867126716792514	0.19270596077020605	False
sp|P26784|RL16A_YEAST	293	0.36390575515301865	0.037609396393426898	False
sp|P15625|SYFA_YEAST	294	0.36361956323066097	0.14821018724353152	False
sp|P34087|RPB7_YEAST	295	0.36296889934614196	0.11138752491175197	False
sp|Q03774|TRM82_YEAST	296	0.35949515450327379	0.061550397500147604	False
sp|P41811|COPB2_YEAST	297	0.3592686175710012	0.053384763873218333	False
sp|P38137|FAT2_YEAST	298	0.35596241168700687	0.26094628539444403	False
sp|P01120|RAS2_YEAST	299	0.35391746769334281	0.06054608774527992	False
sp|P14020|DPM1_YEAST	300	0.35209945846433088	0.033328006594732784	False
sp|P40150|HSP76_YEAST	301	0.34822080761777557	0.041970681293939549	False
sp|P39101|CAJ1_YEAST	302	0.34433750326855961	0.048912099252312657	False
sp|Q99216|PNO1_YEAST	303	0.33543473523433559	0.23709697726412907	False
sp|P23639|PSA2_YEAST	304	0.33133139305482984	0.07919791618512069	False
sp|P23585|HXT2_YEAST;sp|P32467|HXT4_YEAST	305	0.32927760363427983	0.091427499295325745	False
sp|P32337|IMB3_YEAST	306	0.32724415066129675	0.076651193803867798	False
sp|P15019|TAL1_YEAST;sp|P53228|TAL2_YEAST	307	0.32348267431292321	0.068314823710392616	False
sp|P16649|TUP1_YEAST	308	0.3221903497114329	0.12655787014984199	False
sp|P52870|SC6B1_YEAST	309	0.32078976838216855	0.19498521949345951	False
sp|P53299|TIM13_YEAST	310	0.31997652095304563	0.2276338304793756	False
sp|Q07896|NOC3_YEAST	311	0.31790624005959706	0.38930312596640881	False
sp|P26786|RS7A_YEAST	312	0.3155758803969731	0.055219029990542623	False
sp|Q05359|ERP1_YEAST	313	0.31522932859837521	0.095769336277061967	False
sp|P39015|STM1_YEAST	314	0.31378838169346168	0.099779973946671888	False
sp|P23638|PSA3_YEAST	315	0.31206345212414033	0.14626624179292472	False
sp|P38288|TOS1_YEAST	316	0.30981942603427393	0.34181536675431562	False
sp|P53849|GIS2_YEAST	317	0.30974043456238581	0.10227188052769758	False
sp|P25694|CDC48_YEAST	318	0.30344175073341872	0.049912244645678783	False
sp|P04806|HXKA_YEAST	319	0.29863324795302365	0.57742232627257195	False
sp|Q12265|KPR5_YEAST	320	0.29805039640567388	0.15191343041450031	False
sp|P18239|ADT2_YEAST;sp|P18238|ADT3_YEAST	321	0.29527585715864235	0.05167184101529898	False
sp|P02406|RL28_YEAST	322	0.29507801697264496	0.027188060095346838	False
sp|P32449|AROG_YEAST	323	0.2888360546526465	0.053329589830360881	False
sp|P37898|AAP1_YEAST	324	0.28663475738292321	0.05196580088630872	False
sp|P39007|STT3_YEAST	325	0.28585335087949432	0.14296048149323681	False
sp|P32835|GSP1_YEAST;sp|P32836|GSP2_YEAST	326	0.276096547549746	0.072733086423737589	False
sp|P53549|PRS10_YEAST	327	0.27533739450682421	0.0522041576949673	False
sp|Q12335|PST2_YEAST	328	0.26996007801738914	0.11174962587245336	False
sp|P12709|G6PI_YEAST	329	0.26303976331219858	0.042801146897449627	False
sp|P38879|NACA_YEAST	330	0.25357229465530734	0.034171290918546759	False
sp|P0CS90|HSP77_YEAST;sp|P39987|HSP7E_YEAST	331	0.25344709119814751	0.036047025325646111	False
sp|P61830|H3_YEAST	332	0.25281666917496859	0.1193230087198766	False
sp|O43137|YB085_YEAST	333	0.25274476721278588	0.057830708542693898	False
sp|P38075|PDX3_YEAST	334	0.2489663680806907	0.13190259234732218	False
sp|P25367|RNQ1_YEAST	335	0.24648840874476388	0.13233534293361751	False
sp|P32771|FADH_YEAST	336	0.24574535678195458	0.081425049016418186	False
sp|P15992|HSP26_YEAST	337	0.24527197524630096	0.053287747904285254	False
sp|P0CX46|RL2B_YEAST;sp|P0CX45|RL2A_YEAST	338	0.24381375413933856	0.054060947778882706	False
sp|P32861|UGPA1_YEAST	339	0.24036899676893755	0.032458353267986219	False
sp|Q05518|PAL1_YEAST	340	0.23822321788620168	0.091520231963931067	False
sp|Q02753|RL21A_YEAST	341	0.23329709694918324	0.0535039795639752	False
sp|P38144|ISW1_YEAST	342	0.23029486024901996	0.060821924286535989	False
sp|P05737|RL7A_YEAST	343	0.2300751201930398	0.067316528389784011	False
sp|P46655|SYEC_YEAST	344	0.22785666414522202	0.047272612682485025	False
sp|P53090|ARO8_YEAST	345	0.22202334947640115	0.05487213829688168	False
sp|P38061|RL32_YEAST	346	0.22014385981896317	0.047724769285306223	False
sp|P38088|SYG_YEAST	347	0.21702670506386429	0.016337287478750778	False
sp|P07281|RS19B_YEAST;sp|P07280|RS19A_YEAST	348	0.21638880120957121	0.026347338824539435	False
sp|P22146|GAS1_YEAST	349	0.21547794444913687	0.027148928682446893	False
sp|P39715|ECM1_YEAST	350	0.21117281116551598	0.061558516304125753	False
sp|P04912|H2A2_YEAST;sp|P04911|H2A1_YEAST	351	0.20977289923960948	0.11861776234388206	False
sp|P17255|VATA_YEAST	352	0.20906488029130707	0.021996395573789112	False
sp|P15180|SYKC_YEAST	353	0.2077857317265967	0.051702011568417326	False
sp|P24276|SSD1_YEAST	354	0.20662911176081869	0.078708652611868032	False
sp|Q12230|LSP1_YEAST	355	0.20512340273632748	0.025136786671912621	False
sp|P20436|RPAB3_YEAST	356	0.20400965158116635	0.051196910802473163	False
sp|P36105|RL14A_YEAST	357	0.20303709971803668	0.19841874976316257	False
sp|P20081|FKBP_YEAST	358	0.20176615143470053	0.020015427121416945	False
sp|Q07915|RLP24_YEAST	359	0.20134894776193663	0.033418984132996599	False
sp|P32342|SRP21_YEAST	360	0.2009108758528636	0.17768493473416314	False
sp|Q12532|TAE2_YEAST	361	0.2007844604416944	0.097775564080444369	False
sp|P40961|PHB1_YEAST	362	0.19557069198411878	0.063192243613202706	False
sp|P53312|SUCB_YEAST	363	0.1921325684635625	0.048293071486166163	False
sp|P16862|PFKA2_YEAST	364	0.19187422539637625	0.032267967152559862	False
sp|Q12458|YPR1_YEAST	365	0.19162778332716901	0.16263912850963891	False
sp|P39926|SSO2_YEAST;sp|P32867|SSO1_YEAST	366	0.19109812806232132	0.062013571091285989	False
sp|P38793|TRM5_YEAST	367	0.18829972493636796	0.044125067344202996	False
sp|P06786|TOP2_YEAST	368	0.1863576915109996	0.15954669153367007	False
sp|P32476|ERG1_YEAST	369	0.18552109185090504	0.052701621502061848	False
sp|Q12496|YO098_YEAST	370	0.18184978993833678	0.10407078116085522	False
sp|P53303|ZPR1_YEAST	371	0.17220001680074826	0.036632552500423778	False
sp|P46683|YAR1_YEAST	372	0.16963204479387847	0.053890910167136021	False
sp|P32558|SPT16_YEAST	373	0.16896252169537782	0.070810462650308395	False
sp|P40414|TPM2_YEAST	374	0.16052212343322403	0.05878491912687759	False
sp|O14467|MBF1_YEAST	375	0.15992313553127194	0.031705769618884716	False
sp|P17709|HXKG_YEAST	376	0.15793227095852308	0.10035294031624649	False
sp|P32905|RSSA1_YEAST	377	0.15717306396643374	0.080584363674784498	False
sp|P02992|EFTU_YEAST	378	0.1505736213484925	0.039047354560748225	False
sp|P60010|ACT_YEAST	379	0.14989666171071706	0.021738727002240665	False
sp|Q08723|RPN8_YEAST	380	0.14928629672091678	0.12965869987578196	False
sp|Q07505|DLHH_YEAST	381	0.14601175723720211	0.040140313896916524	False
sp|P53184|PNC1_YEAST	382	0.14519368949519962	0.17619273943959021	False
sp|P53615|CAN_YEAST	383	0.14438815487859208	0.053058451100114944	False
sp|P07257|QCR2_YEAST	384	0.14332048853290963	0.023657807013976868	False
sp|P37302|APE3_YEAST	385	0.14111861497585748	0.046004053954207556	False
sp|P32790|SLA1_YEAST	386	0.14005028039252251	0.061256781154811556	False
sp|P80210|PURA_YEAST	387	0.13545599324410815	0.13396700133693193	False
sp|P33892|GCN1_YEAST	388	0.13379951635455023	0.015689751814927416	False
sp|P29029|CHIT_YEAST	389	0.13040206356550749	0.080219227233490883	False
sp|Q06523|YP148_YEAST	390	0.12882947487208546	0.035546822016528999	False
sp|P32381|ARP2_YEAST	391	0.12845293742541122	0.079106464894273643	False
sp|Q3E792|RS25A_YEAST;sp|P0C0T4|RS25B_YEAST	392	0.12770120388561912	0.048614834151363105	False
sp|P39683|NPT1_YEAST	393	0.12519892734687887	0.06876114721688846	False
sp|P39076|TCPB_YEAST	394	0.12429421685672253	0.032272504911407651	False
sp|P32179|MET22_YEAST	395	0.12282910156283924	0.14310314382601716	False
sp|P10591|HSP71_YEAST	396	0.12165339390836773	0.012675945706026445	False
sp|P47096|3HAO_YEAST	397	0.12095213623689745	0.047509694981204831	False
sp|Q12000|TMA46_YEAST	398	0.11998271435062646	0.12423721161842731	False
sp|P13856|RSR1_YEAST	399	0.11856850017114726	0.055840785545845741	False
sp|P46990|RL17B_YEAST	400	0.11683173587842388	0.035019522393824332	False
sp|P38333|ENP1_YEAST	401	0.11125239442611896	0.080819721599434999	False
sp|P04807|HXKB_YEAST	402	0.11064143766146438	0.055266379742098103	False
sp|P32466|HXT3_YEAST	403	0.11017712888049157	0.084200622545412315	False
sp|P36060|MCR1_YEAST	404	0.10969961999293737	0.047718875392657623	False
sp|P47018|MTC1_YEAST	405	0.10885115306550139	0.02663675517864424	False
sp|Q3E747|YL363_YEAST	406	0.1087898649605456	0.054495785732977232	False
sp|P07284|SYSC_YEAST	407	0.10819929587736929	0.0089979248552047864	False
sp|P35176|CYPD_YEAST	408	0.10502881195615482	0.053206327631663441	False
sp|P07149|FAS1_YEAST	409	0.10457638103817239	0.012545072044160813	False
sp|P05749|RL22A_YEAST	410	0.10453594657979622	0.04866600143998312	False
sp|P53073|EMC4_YEAST	411	0.10442669396543437	0.06432675874857334	False
sp|P54113|PUR91_YEAST	412	0.10311224881852009	0.018183304419811936	False
sp|P54885|PROA_YEAST	413	0.1023341784776272	0.024061426819667275	False
sp|Q12114|CHS5_YEAST	414	0.099800009037710774	0.061631236906608912	False
sp|P38737|ECM29_YEAST	415	0.099632815753171455	0.048360364207764427	False
sp|P53334|SCW4_YEAST	416	0.098939920509793652	0.04344893066936114	False
sp|P32458|CDC11_YEAST	417	0.098742233649944444	0.047403983373929037	False
sp|Q04214|YM13B_YEAST;sp|Q12490|YB11B_YEAST;sp|Q04215|YM13A_YEAST;sp|Q12266|YB11A_YEAST	418	0.098637631220167318	0.032253009207431425	False
sp|P32445|RIM1_YEAST	419	0.096730973771563949	0.011176074683646675	False
sp|P38248|ECM33_YEAST	420	0.096314483271745355	0.01855189828176999	False
sp|P07246|ADH3_YEAST	421	0.093340616032527621	0.010666809581702333	False
sp|P38249|EIF3A_YEAST	422	0.093266232608543581	0.017819158875640301	False
sp|P53163|MNP1_YEAST	423	0.092759362899531947	0.054715591140583442	False
sp|P39010|AKR1_YEAST	424	0.090619800336986855	0.031376082411039619	False
sp|P0CX36|RS4B_YEAST;sp|P0CX35|RS4A_YEAST	425	0.088685999636988269	0.024060356153924545	False
sp|P08524|FPPS_YEAST	426	0.086975927338814873	0.014998463154688816	False
sp|P38694|MSC7_YEAST	427	0.075027188342238038	0.03047585067046003	False
sp|P21576|VPS1_YEAST	428	0.074540092228516736	0.016135463916300569	False
sp|P22141|PSB4_YEAST	429	0.074245685488545571	0.016506894541225375	False
sp|P12683|HMDH1_YEAST	430	0.074151326209375118	0.030325492469240583	False
sp|P07256|QCR1_YEAST	431	0.072976372805965847	0.11954110593568086	False
sp|P32454|APE2_YEAST	432	0.072469236119154123	0.01674295376356838	False
sp|P53551|H1_YEAST	433	0.069897044625384666	0.051984170870505629	False
sp|P32860|NFU1_YEAST	434	0.065251080992206695	0.026602566133173394	False
sp|P54838|DAK1_YEAST	435	0.061984613257327549	0.020030253367083379	False
sp|P33399|LHP1_YEAST	436	0.060191418939281358	0.022748625350441642	False
sp|P21243|PSA1_YEAST	437	0.056710556223074852	0.020817797519003516	False
sp|Q05016|YM71_YEAST	438	0.055638517444332375	0.005729243014322094	False
sp|P07172|HIS8_YEAST	439	0.054810615814018394	0.018513488720330429	False
sp|P29509|TRXB1_YEAST;sp|P38816|TRXB2_YEAST	440	0.053412876174118336	0.0054396333392917979	False
sp|P38968|SEC31_YEAST	441	0.05337257732901108	0.01632557061853035	False
sp|P38071|ETR1_YEAST	442	0.05240310058370052	0.034596315410919232	False
sp|P12385|ERF1_YEAST	443	0.049946103972383221	0.0073094056935509855	False
sp|Q04344|HNT1_YEAST	444	0.048520533586388033	0.0051569523006591567	False
sp|P26785|RL16B_YEAST	445	0.047977857379470357	0.011085982808019423	False
sp|Q04371|YMR7_YEAST	446	0.046292787344413382	0.028551678742007407	False
sp|P32599|FIMB_YEAST;REV__sp|P32599|FIMB_YEAST	447	0.037520185044986748	0.013020490447914312	False
sp|P32610|VATD_YEAST	448	0.036938037277345896	0.011743898960461982	False
sp|P18759|SEC18_YEAST	449	0.035844270772948217	0.0074165295577290164	False
sp|P15565|TRM1_YEAST	450	0.035097366124166619	0.0082001403556546393	False
sp|P40160|RIO2_YEAST	451	0.032216844472747648	0.023965179332720982	False
sp|Q08985|SAM4_YEAST;sp|Q04898|YM99_YEAST	452	0.031714407011127752	0.0070137691854827251	False
sp|P17555|CAP_YEAST	453	0.027894822069225882	0.018320901119100341	False
sp|P41940|MPG1_YEAST	454	0.02628918571288439	0.0072965887907088245	False
sp|P32481|IF2G_YEAST	455	0.026095669087429038	0.0026361928166629411	False
sp|P07267|CARP_YEAST	456	0.025883181949998852	0.0032336030772590618	False
sp|P20606|SAR1_YEAST	457	0.024344951565783389	0.0025537609938576602	False
sp|P0C2I9|YP12B_YEAST;sp|Q07793|YD13B_YEAST;sp|Q99337|YN12B_YEAST;sp|P0CX58|YP12A_YEAST;sp|P0CX57|YA11A_YEAST;sp|O74302|YD13A_YEAST;sp|Q12470|YN12A_YEAST	458	0.022428211396010974	0.005357950658249659	False
sp|P10664|RL4A_YEAST	459	0.021254453151716417	0.0040900645953373766	False
sp|P21306|ATP5E_YEAST	460	0.020518877345224677	0.0068189099244726492	False
sp|P03965|CARB_YEAST	461	0.020319326363628126	0.0032429938984996909	False
sp|P29311|BMH1_YEAST	462	0.020018012563096977	0.0034184564900954229	False
sp|Q04660|ERB1_YEAST	463	0.019144584642629643	0.020304079405422708	False
sp|P39976|DLD3_YEAST	464	0.012925710719778112	0.0039193226092126094	False
sp|P15703|BGL2_YEAST	465	0.011880043188055515	0.0048106829531479418	False
sp|P21538|REB1_YEAST	466	0.01094762182838971	0.0065503687310381293	False
sp|P25343|RV161_YEAST	467	0.0070264585484938061	0.0012408257093561303	False
sp|P40825|SYA_YEAST	468	0.0055212553211681746	0.00099246213725597454	False
sp|P26637|SYLC_YEAST;sp|Q12165|ATPD_YEAST	469	0.005267606401549144	0.00031462776409559484	False
sp|P43621|COPD_YEAST	470	0.0044785798563298776	0.0036645399036305073	False
sp|P14126|RL3_YEAST	471	0.0041618426231949781	0.00073861415697014843	False
sp|P40541|SCC3_YEAST	472	0.0036668061824594281	0.00067655914105320869	False
sp|P38764|RPN1_YEAST	473	0.0033802898890229818	0.00037560224181376611	False
sp|Q05946|UTP13_YEAST	474	0.0016710497485686573	0.00071149261552131782	False
sp|P32529|RPA12_YEAST	475	0.0014375782700435074	0.00033669536118570892	False
sp|P33307|CSE1_YEAST	476	0.00040168656915037988	0.00028554720384003457	False
sp|P08566|ARO1_YEAST	477	-0.0025574401779186301	-0.00039569393005341641	False
sp|P05750|RS3_YEAST	478	-0.0046454431841933272	-0.00032150743561132344	False
sp|Q03219|YM44_YEAST	479	-0.0056720622335673793	-0.0055097737038565242	False
sp|P14832|CYPH_YEAST	480	-0.0087029261576546738	-0.00175454473334824	False
sp|P38013|AHP1_YEAST	481	-0.012359123176608162	-0.0029572317415530827	False
sp|P50095|IMDH3_YEAST	482	-0.017367949813677706	-0.008485481898104533	False
sp|P52871|SC6B2_YEAST	483	-0.017577817693939554	-0.005658566194233809	False
sp|P08456|PSS_YEAST	484	-0.018896593865211381	-0.003679872188656693	False
sp|P19454|CSK22_YEAST	485	-0.019459588392232618	-0.0078639408535856603	False
sp|P46672|ARC1_YEAST	486	-0.019727371611113136	-0.0076723944045404835	False
sp|P33750|DCA13_YEAST	487	-0.021639412439663826	-0.007236633286625012	False
sp|P39958|GDI1_YEAST	488	-0.024568202834888284	-0.0043357218314821937	False
sp|P39078|TCPD_YEAST	489	-0.025705895819063816	-0.0022751785260162194	False
sp|P40509|COPE_YEAST	490	-0.025965786614381814	-0.0049911762582119934	False
sp|P38708|YHI0_YEAST	491	-0.027218005091332619	-0.0037692997124428493	False
sp|Q12460|NOP56_YEAST	492	-0.031043319415187488	-0.011292018302417736	False
sp|P25293|NAP1_YEAST	493	-0.032767457393192805	-0.028034775880694696	False
sp|P35189|TAF14_YEAST	494	-0.03324713127884632	-0.010895880968382935	False
sp|P23644|TOM40_YEAST	495	-0.035204240987810741	-0.026622620880634901	False
sp|Q99383|HRP1_YEAST	496	-0.035601293582700907	-0.017418434156778535	False
sp|P25847|MSH2_YEAST	497	-0.03767099288961287	-0.063777195409658802	False
sp|P15108|HSC82_YEAST	498	-0.038398135732570157	-0.012255081344237103	False
sp|P17967|PDI_YEAST	499	-0.038691795773492861	-0.012923743423756425	False
sp|P07285|TRPD_YEAST	500	-0.039106939494475079	-0.0092267445948526951	False
sp|P00924|ENO1_YEAST	501	-0.043950570459510341	-0.0048924846422799817	False
sp|Q00402|NUM1_YEAST	502	-0.047886071631979346	-0.014524898408110923	False
sp|P40106|GPP2_YEAST	503	-0.048044065165920413	-0.011632406141385351	False
sp|P43616|DUG1_YEAST	504	-0.051340304087219131	-0.010916150091340171	False
sp|P33331|NTF2_YEAST	505	-0.051634547105759876	-0.041410872271989994	False
sp|P04050|RPB1_YEAST	506	-0.056049735692428757	-0.01400785843155461	False
sp|Q3E772|YG169_YEAST	507	-0.056924493948010704	-0.01880080375330569	False
sp|P30902|ATP7_YEAST	508	-0.057929679583263019	-0.030401901296010909	False
sp|P20484|MAK11_YEAST	509	-0.058332877018588726	-0.042386708726384136	False
sp|D6VTK4|STE2_YEAST	510	-0.061246456824957808	-0.025698649033074616	False
sp|P06785|TYSY_YEAST	511	-0.063312763782827366	-0.014200393588636709	False
sp|P25443|RS2_YEAST	512	-0.064797775436591987	-0.021004994078364092	False
sp|O13563|RPN13_YEAST	513	-0.064924566351679647	-0.012436262812258292	False
sp|Q08548|ALE1_YEAST	514	-0.070282554537283423	-0.040573942920740791	False
sp|Q04217|DHR1_YEAST	515	-0.074650315982341064	-0.070172387467071218	False
sp|P0CX42|RL23B_YEAST;sp|P0CX41|RL23A_YEAST	516	-0.078540304040209466	-0.020788826730422965	False
sp|Q12434|GDIR_YEAST	517	-0.079096607328181232	-0.021594578849619239	False
sp|Q3E757|RL11B_YEAST;sp|P0C0W9|RL11A_YEAST	518	-0.079591297104946945	-0.01202268576477176	False
sp|P10659|METK1_YEAST	519	-0.080510193392047499	-0.011226969702961517	False
sp|P39077|TCPG_YEAST	520	-0.080571406669507961	-0.031892492221799053	False
sp|Q03161|YMY9_YEAST	521	-0.080657836255599524	-0.041904843336713071	False
sp|Q04728|ARGJ_YEAST	522	-0.083226498039026861	-0.097716637035947088	False
sp|P36016|LHS1_YEAST	523	-0.087886272789348421	-0.12592619838377317	False
sp|P53295|RBG2_YEAST	524	-0.088338491218804924	-0.029921095327810104	False
sp|P53889|FMP41_YEAST	525	-0.091307627609963651	-0.030050723077052293	False
sp|P00549|KPYK1_YEAST	526	-0.092876849548003584	-0.012011399388496121	False
sp|P04650|RL39_YEAST	527	-0.093447387460020834	-0.010863721109451774	False
sp|P05030|PMA1_YEAST	528	-0.094187645726721156	-0.012775820573311355	False
sp|P38353|SSH1_YEAST	529	-0.094850994106442404	-0.026717584293146263	False
sp|P0CX28|RL44B_YEAST;sp|P0CX27|RL44A_YEAST	530	-0.095841754208349186	-0.038229848829047341	False
sp|P53691|PPID_YEAST	531	-0.098143384969668082	-0.036974182537480971	False
sp|Q03940|RUVB1_YEAST	532	-0.099345085648896089	-0.0384883466654505	False
sp|P17536|TPM1_YEAST	533	-0.099616433411150451	-0.011571250355897197	False
sp|Q12285|MDY2_YEAST	534	-0.10014295829676002	-0.024934073085007686	False
sp|Q6Q547|NOP10_YEAST	535	-0.10067461076614914	-0.031342057779089792	False
sp|P40303|PSA4_YEAST	536	-0.10118226318937251	-0.019672216053643627	False
sp|P22336|RFA1_YEAST	537	-0.10240549779779046	-0.078516056163290202	False
sp|P40477|NU159_YEAST	538	-0.1037104262621871	-0.13055206936589711	False
sp|Q05022|RRP5_YEAST	539	-0.10704748450068496	-0.016845088453771712	False
sp|P40066|GLE2_YEAST	540	-0.10967437824717846	-0.079144318324010143	False
sp|P06208|LEU1_YEAST	541	-0.11058926608694006	-0.018332307895774374	False
sp|P51402|RL37B_YEAST	542	-0.11298133811108786	-0.02808486534734082	False
sp|P16120|THRC_YEAST	543	-0.11418893970161687	-0.012905399236173546	False
sp|P47120|DOHH_YEAST	544	-0.11617536995648059	-0.032873981417244146	False
sp|P38697|IMDH2_YEAST	545	-0.11655200810123771	-0.052675234235927348	False
sp|P26783|RS5_YEAST	546	-0.1183690667190726	-0.025692300621370141	False
sp|P10964|RPA1_YEAST	547	-0.1194145515811886	-0.013200075404035042	False
sp|P40462|TM108_YEAST	548	-0.12053261302386553	-0.034806782961786333	False
sp|P0CX34|RS30B_YEAST;sp|P0CX33|RS30A_YEAST	549	-0.12147476391174747	-0.05248678206708135	False
sp|P13586|ATC1_YEAST	550	-0.1227630813897209	-0.049603961472693449	False
sp|P34253|KTI12_YEAST	551	-0.12313942216252299	-0.01742249757592873	False
sp|P34760|TSA1_YEAST;sp|Q04120|TSA2_YEAST	552	-0.12717292627726304	-0.039236778592091071	False
sp|P38431|IF5_YEAST	553	-0.12863604091468497	-0.012324453269997093	False
sp|P43561|FET5_YEAST	554	-0.13158204613788518	-0.17968788863450413	False
sp|P28495|CAPZA_YEAST	555	-0.1318115456215064	-0.082683893238887876	False
sp|P47117|ARP3_YEAST	556	-0.13303594174498951	-0.021381929757384437	False
sp|P49089|ASNS1_YEAST	557	-0.13383668188255299	-0.018870587255566562	False
sp|P14742|GFA1_YEAST	558	-0.13612846124010378	-0.043069420478047959	False
sp|P36421|SYYC_YEAST	559	-0.13614620436637942	-0.088908462463615237	False
sp|P40024|ARB1_YEAST	560	-0.13900809895799299	-0.029303757224997895	False
sp|P32377|MVD1_YEAST	561	-0.1391274431135413	-0.041627588206543699	False
sp|P39935|IF4F1_YEAST	562	-0.13957465106788219	-0.027476743506593237	False
sp|P05739|RL6B_YEAST	563	-0.14816811435482857	-0.018268492132435199	False
sp|P21304|PWP1_YEAST	564	-0.1515124231271765	-0.086858024749749532	False
sp|P19882|HSP60_YEAST	565	-0.15506014022697626	-0.017140856239713287	False
sp|P05756|RS13_YEAST	566	-0.15576489541426886	-0.035810202012052393	False
sp|P32366|VA0D_YEAST	567	-0.15596775334552634	-0.037824865239798555	False
sp|Q01532|BLH1_YEAST	568	-0.15798675069905732	-0.020903039674925832	False
sp|P33322|CBF5_YEAST	569	-0.15843830124190944	-0.031154135511117193	False
sp|P14907|NSP1_YEAST	570	-0.16008666460611298	-0.1092825256492868	False
sp|P38993|FET3_YEAST	571	-0.16215091940414919	-0.039590979723894769	False
sp|P16474|GRP78_YEAST	572	-0.16299674941815312	-0.018778783882671252	False
sp|P35719|MRP8_YEAST	573	-0.16378146756669468	-0.032083026317595888	False
sp|P32497|EIF3C_YEAST	574	-0.16559519474564502	-0.050604961483638057	False
sp|Q01662|MAP1_YEAST	575	-0.16755894133038574	-0.047163756062323849	False
sp|P04046|PUR1_YEAST	576	-0.16951448388495777	-0.073077199061560336	False
sp|P0CX56|RS18B_YEAST;sp|P0CX55|RS18A_YEAST	577	-0.17236733511988417	-0.03391169482339388	False
sp|P40513|MAM33_YEAST	578	-0.17255564838993467	-0.043748843969013983	False
sp|P40047|ALDH5_YEAST	579	-0.17415269664124139	-0.053386687890104888	False
sp|P09624|DLDH_YEAST	580	-0.17526425218641142	-0.026494829482359705	False
sp|P29704|FDFT_YEAST	581	-0.1767584306022871	-0.042617737442125048	False
sp|Q05567|SGPL_YEAST	582	-0.17775013031206741	-0.075634466680805687	False
sp|P20433|RPB4_YEAST	583	-0.1783242320349597	-0.041859882160586302	False
sp|P37292|GLYM_YEAST	584	-0.17958254993672126	-0.024648877189999752	False
sp|Q04432|HSP31_YEAST	585	-0.18075244210092908	-0.057684076503100812	False
sp|P33201|MRT4_YEAST	586	-0.19152054085857695	-0.0152076643361679	False
sp|P00330|ADH1_YEAST;sp|P00331|ADH2_YEAST;sp|P38113|ADH5_YEAST	587	-0.19200058117669536	-0.020852293937488515	False
sp|P0CX85|RL35B_YEAST;sp|P0CX84|RL35A_YEAST	588	-0.19528736357464654	-0.020813366558293467	False
sp|P32939|YPT7_YEAST	589	-0.19698828733311008	-0.036234262117028258	False
sp|P38523|GRPE_YEAST	590	-0.19912205497374222	-0.028788671100098639	False
sp|P38886|RPN10_YEAST	591	-0.19961130699755056	-0.18252962566309824	False
sp|P35179|SC61G_YEAST	592	-0.20102457532143791	-0.025634540166365127	False
sp|Q06338|BCP1_YEAST	593	-0.20351761928810486	-0.36304352225186837	False
sp|P09733|TBA1_YEAST	594	-0.20786150151427393	-0.010683009925000894	False
sp|P53297|PBP1_YEAST	595	-0.20786962748145349	-0.13803062966638299	False
sp|P21524|RIR1_YEAST;sp|P21672|RIR3_YEAST	596	-0.20875043177058888	-0.036197490601990033	False
sp|Q06103|RPN7_YEAST	597	-0.20957383089992793	-0.055556219320581114	False
sp|P07703|RPAC1_YEAST	598	-0.21121466933431465	-0.035622251290641081	False
sp|P11154|PYC1_YEAST	599	-0.21394483768985925	-0.05711311920889154	False
sp|P46989|ATG27_YEAST	600	-0.21420770279697288	-0.053020462300046013	False
sp|P04802|SYDC_YEAST	601	-0.21591090210170802	-0.032171218702186387	False
sp|Q06505|IWS1_YEAST	602	-0.21737877240713682	-0.036281683482898806	False
sp|Q08746|RRS1_YEAST	603	-0.21752722648043321	-0.043209604745336826	False
sp|P40185|MMF1_YEAST	604	-0.21757441803439428	-0.036737788145545146	False
sp|Q03103|ERO1_YEAST	605	-0.21838351291022493	-0.15065564551557742	False
sp|P23724|PSB6_YEAST	606	-0.21973106784754087	-0.13180661258141058	False
sp|P32791|FRE1_YEAST	607	-0.22054088814750336	-0.095067978752185908	False
sp|P47122|GPN1_YEAST	608	-0.22335268959345356	-0.10392734393523166	False
sp|P42943|TCPH_YEAST	609	-0.22395331520092662	-0.057000886601241994	False
sp|P20107|ZRC1_YEAST	610	-0.22555461553280712	-0.10468425237658607	False
sp|P34730|BMH2_YEAST	611	-0.22559639203071116	-0.044932067205660786	False
sp|P0CX26|RL43B_YEAST;sp|P0CX25|RL43A_YEAST	612	-0.228075587592977	-0.07640490328653371	False
sp|Q12692|H2AZ_YEAST	613	-0.22982693939021104	-0.039057750551590921	False
sp|P32598|PP12_YEAST	614	-0.23060764303700454	-0.037594503403447277	False
sp|P51601|GCH1_YEAST	615	-0.23079971081215503	-0.069046724659694789	False
sp|P33333|PLSC_YEAST	616	-0.23429846554696682	-0.038069443024919991	False
sp|P46367|ALDH4_YEAST	617	-0.23785920481422576	-0.043868053344013447	False
sp|P40005|PFD2_YEAST	618	-0.23863005485579486	-0.11171301380448402	False
sp|P37838|NOP4_YEAST	619	-0.24235361662584351	-0.054807048840642615	False
sp|Q12522|IF6_YEAST	620	-0.24535089631721171	-0.033772822735032314	False
sp|Q06706|ELP1_YEAST	621	-0.24845889041572675	-0.069593624428745685	False
sp|Q12452|ERG27_YEAST	622	-0.25388064433414625	-0.16344434095325866	False
sp|P43593|UBP6_YEAST	623	-0.25418966936923992	-0.079876525791882827	False
sp|P39730|IF2P_YEAST	624	-0.25450572360800611	-0.055147708806406591	False
sp|P0CX32|RS24B_YEAST;sp|P0CX31|RS24A_YEAST	625	-0.25743463079215467	-0.069239514293013116	False
sp|Q07451|YET3_YEAST	626	-0.25787175038038512	-0.064905068858386983	False
sp|Q12499|NOP58_YEAST	627	-0.25830194677153506	-0.040428503374003576	False
sp|P40212|RL13B_YEAST	628	-0.25934258932395865	-0.084309385588337449	False
sp|P41058|RS29B_YEAST	629	-0.2605544265118469	-0.12846633499089913	False
sp|P53066|YGZ2_YEAST	630	-0.26412233100206539	-0.17187964950133625	False
sp|Q00362|2ABA_YEAST	631	-0.26525654542270927	-0.088275545236352101	False
sp|P39516|RS14B_YEAST	632	-0.26526616809166242	-0.07974239495388484	False
sp|Q12414|YP11B_YEAST;sp|Q03612|YE11B_YEAST;sp|P0C2I5|YL12B_YEAST	633	-0.26592206372874821	-0.041592966887685399	False
sp|P39931|SS120_YEAST	634	-0.26706851899002904	-0.136350658122808	False
sp|P13663|DHAS_YEAST	635	-0.26724088497227194	-0.10233444484831011	False
sp|P50094|IMDH4_YEAST;sp|O42831|YA075_YEAST	636	-0.26905075860808875	-0.031902738975974877	False
sp|Q02455|MLP1_YEAST	637	-0.26916053090044362	-0.093508946302526638	False
sp|P04449|RL24A_YEAST	638	-0.27031590337502798	-0.15333928239120573	False
sp|P24280|SEC14_YEAST;sp|P33324|YKJ1_YEAST	639	-0.27051216884908497	-0.091250150591932311	False
sp|P36010|NDK_YEAST	640	-0.27608125322827826	-0.025370634519300477	False
sp|P38912|IF1A_YEAST	641	-0.28075894087123476	-0.064795558518381327	False
sp|P00925|ENO2_YEAST	642	-0.2817323745433844	-0.027206594542525647	False
sp|P00359|G3P3_YEAST	643	-0.28278696684237181	-0.05463018088115016	False
sp|P35691|TCTP_YEAST	644	-0.2872115441859846	-0.043651452993683414	False
sp|P39990|SNU13_YEAST	645	-0.28823441720404303	-0.048098256444660592	False
sp|P57744|TIM8_YEAST	646	-0.28827027217257473	-0.12663171765522918	False
sp|Q06287|NEP1_YEAST	647	-0.29034343294393622	-0.27587493441834116	False
sp|P39704|ERP2_YEAST	648	-0.29210403811478092	-0.075773401793333292	False
sp|P41057|RS29A_YEAST	649	-0.29394133463165689	-0.10658724437818161	False
sp|P32473|ODPB_YEAST	650	-0.29589031686747225	-0.06334122783812883	False
sp|P38840|ARO9_YEAST	651	-0.2962293857475547	-0.31363480686186546	False
sp|P31412|VATC_YEAST	652	-0.30000388956317914	-0.13057962721541827	False
sp|P15873|PCNA_YEAST	653	-0.30205857904153149	-0.10707514615834175	False
sp|P21734|UBC1_YEAST	654	-0.30340829938941255	-0.046486446994084218	False
sp|P38264|PHO88_YEAST	655	-0.30371234777512113	-0.078366224408514526	False
sp|P11633|NHP6B_YEAST	656	-0.30431588459799946	-0.079604030072909879	False
sp|P35197|GCS1_YEAST	657	-0.30439117015414835	-0.10012890747480441	False
sp|P33298|PRS6B_YEAST	658	-0.30902545029504519	-0.12746448615634995	False
sp|P0C2H8|RL31A_YEAST	659	-0.31455445840074603	-0.040010741732155942	False
sp|P40531|GVP36_YEAST	660	-0.31536370788476625	-0.045293501380052469	False
sp|Q03558|OYE2_YEAST;sp|P41816|OYE3_YEAST	661	-0.31654524968936854	-0.049995587072688842	False
sp|P38689|KPR3_YEAST	662	-0.31797838767976894	-0.046593768008555969	False
sp|P39004|HXT7_YEAST;sp|P39003|HXT6_YEAST	663	-0.31854340377464208	-0.082748691476680847	False
sp|P53075|SHE10_YEAST	664	-0.3215764383959519	-0.1378893097028365	False
sp|P21827|RCC1_YEAST	665	-0.32342711551905473	-0.17435972425626053	False
sp|P38631|FKS1_YEAST;sp|Q04952|FKS3_YEAST	666	-0.32492393091801164	-0.045751209349080092	False
sp|P40482|SEC24_YEAST;sp|P53953|SFB2_YEAST	667	-0.32969448614662616	-0.095728486030606533	False
sp|Q02931|UTP17_YEAST	668	-0.33217912956087459	-0.063338061254312336	False
sp|P09064|IF2B_YEAST	669	-0.33805611963046434	-0.065728978378140582	False
sp|P54115|ALDH6_YEAST	670	-0.33835331024008919	-0.039584931535396585	False
sp|P27809|KRE2_YEAST	671	-0.33953694004963192	-0.15799145269155326	False
sp|P36051|MCD4_YEAST	672	-0.34095991375133855	-0.071172068822272408	False
sp|P39938|RS26A_YEAST;sp|P39939|RS26B_YEAST	673	-0.34357850495756059	-0.11011090873774165	False
sp|P42940|ETFB_YEAST	674	-0.34496298988998036	-0.06492267729220913	False
sp|P06787|CALM_YEAST	675	-0.34899855466234464	-0.10342140290102601	False
sp|P40693|RLP7_YEAST	676	-0.34912846014032045	-0.069475286349617235	False
sp|P16451|ODPX_YEAST	677	-0.35205922714838817	-0.086025644358361575	False
sp|P53235|EIF2A_YEAST	678	-0.35259673964695504	-0.17072578924399076	False
sp|P32288|GLNA_YEAST	679	-0.35449136205411313	-0.099830349032683799	False
sp|P38934|BFR1_YEAST	680	-0.35799635348588749	-0.078030452402224171	False
sp|P16521|EF3A_YEAST	681	-0.35807039930759232	-0.05735534057875924	False
sp|P25342|CDC10_YEAST	682	-0.36430049407487047	-0.071210169918735744	False
sp|P32368|SAC1_YEAST	683	-0.36601567867917006	-0.086729099288308006	False
sp|Q12118|SGT2_YEAST	684	-0.36805914639734827	-0.02288763583868203	False
sp|P35180|TOM20_YEAST	685	-0.37096661453702878	-0.12777037648952336	False
sp|P24000|RL24B_YEAST	686	-0.37241566697972434	-0.13146077717434204	False
sp|Q04305|UTP15_YEAST	687	-0.37260215280291104	-0.24006260205665342	False
sp|P0CX24|RL20B_YEAST;sp|P0CX23|RL20A_YEAST	688	-0.37430474911308315	-0.03411267166426768	False
sp|P28834|IDH1_YEAST	689	-0.37574569301148891	-0.057212852567208948	False
sp|P53834|HCH1_YEAST	690	-0.37637621957635004	-0.078522937856954897	False
sp|P28007|GAR1_YEAST	691	-0.37877645412578304	-0.16037442841667846	False
sp|Q12122|HOSM_YEAST	692	-0.38115506599315768	-0.1239870292840024	False
sp|P07170|KAD2_YEAST	693	-0.38390393895590214	-0.023518370158602881	False
sp|P12612|TCPA_YEAST	694	-0.39157531993367972	-0.089595881755773377	False
sp|P32521|PAN1_YEAST	695	-0.39200817955812739	-0.1605152123147775	False
sp|P32178|CHMU_YEAST	696	-0.39992022577075209	-0.13938219544393959	False
sp|P42842|EMW1_YEAST	697	-0.40138010519205142	-0.18910021640935545	False
sp|P07283|PMM_YEAST	698	-0.40144509072800399	-0.072208021991222893	False
sp|O74700|TIM9_YEAST	699	-0.40335437677499564	-0.10774092275141811	False
sp|P38972|PUR4_YEAST	700	-0.40446175307238169	-0.11746333878566162	False
sp|Q12010|YPQ1_YEAST	701	-0.40721977723686514	-0.1235172250663954	False
sp|P38861|NMD3_YEAST	702	-0.41064520168899882	-0.10985063812815692	False
sp|P0CX44|RL1B_YEAST;sp|P0CX43|RL1A_YEAST	703	-0.41497313232730842	-0.20628087921960278	False
sp|P06634|DED1_YEAST;sp|P24784|DBP1_YEAST	704	-0.41525061090795778	-0.080674521706705818	False
sp|Q12449|AHA1_YEAST	705	-0.41832726703645678	-0.028773321004296786	False
sp|P38711|RS27B_YEAST;sp|P35997|RS27_YEAST	706	-0.41835396501390515	-0.065573098097418139	False
sp|P23301|IF5A1_YEAST;sp|P19211|IF5A2_YEAST	707	-0.41846088101522372	-0.10703071303491522	False
sp|P38555|YPT31_YEAST;sp|P51996|YPT32_YEAST	708	-0.41859437105167907	-0.056744583711277365	False
sp|P23254|TKT1_YEAST	709	-0.42461735958548247	-0.051166700994534388	False
sp|Q04491|SEC13_YEAST	710	-0.42469025124867549	-0.118728683415533	False
sp|P38787|PANE_YEAST	711	-0.42755505653070236	-0.13383833466053593	False
sp|P52910|ACS2_YEAST	712	-0.43528210914622023	-0.11510000866601662	False
sp|P38777|FSH1_YEAST	713	-0.4391805819036339	-0.12116740863025062	False
sp|Q02795|OSTD_YEAST	714	-0.44275919494941141	-0.10165653735689754	False
sp|P53723|YN8B_YEAST	715	-0.44333335899025522	-0.13495887763973849	False
sp|P40075|SCS2_YEAST	716	-0.44442017302495207	-0.095367434743381566	False
sp|Q08225|DPP3_YEAST	717	-0.44996254299261834	-0.0928470319390063	False
sp|P27476|NSR1_YEAST	718	-0.45448650300215387	-0.071101204382291172	False
sp|Q07551|KAR_YEAST	719	-0.45535449111577853	-0.076534505139086662	False
sp|P10592|HSP72_YEAST	720	-0.47190574155600734	-0.049386590558383382	False
sp|Q02784|GLRX5_YEAST	721	-0.47258893273908797	-0.14532265633172395	False
sp|P07262|DHE4_YEAST;sp|P39708|DHE5_YEAST	722	-0.47457707384579978	-0.11658464085817737	False
sp|Q03048|COFI_YEAST	723	-0.47734436040341427	-0.038686686758759713	False
sp|P18562|UPP_YEAST	724	-0.48281738444751227	-0.17585836407046429	False
sp|Q08954|YP199_YEAST	725	-0.48827011270235104	-0.36276711475576678	False
sp|P53981|YNB0_YEAST	726	-0.49060008346521061	-0.14848376154738693	False
sp|P31116|DHOM_YEAST	727	-0.49135169102325321	-0.16089107026295699	False
sp|P89886|TMA20_YEAST	728	-0.49137629810284822	-0.13030061201621143	False
sp|P34078|LTV1_YEAST	729	-0.49736479017772284	-0.413878053591685	False
sp|P40319|ELO3_YEAST	730	-0.50491495699543931	-0.12836203361700291	False
sp|Q00764|TPS1_YEAST	731	-0.50565408713670357	-0.2134920318930528	False
sp|Q12306|SMT3_YEAST	732	-0.50949416929012858	-0.15640266492532126	False
sp|P22696|ESS1_YEAST	733	-0.50970516521604325	-0.23213202258231766	False
sp|P38720|6PGD1_YEAST;sp|P53319|6PGD2_YEAST	734	-0.51153073412810757	-0.061316664923009988	False
sp|P48606|TBCA_YEAST	735	-0.51450908020311181	-0.08267884458507406	False
sp|P38286|MKAR_YEAST	736	-0.5160840988529386	-0.07975998569400744	False
sp|P22137|CLH_YEAST	737	-0.51621566897974314	-0.10148489346167129	False
sp|Q07623|NOP6_YEAST	738	-0.51763727743852495	-0.25765823717603337	False
sp|P40037|HMF1_YEAST	739	-0.52282576338195408	-0.47548999443491624	False
sp|P39954|SAHH_YEAST	740	-0.52648696902350622	-0.13409694598057817	False
sp|Q01855|RS15_YEAST	741	-0.5267607969047472	-0.12744634089790927	False
sp|P13188|SYQ_YEAST	742	-0.53230798340638663	-0.040618234586981806	False
sp|P14743|NMT_YEAST	743	-0.53871508119669764	-0.22509220679409717	False
sp|Q04894|ADH6_YEAST	744	-0.54541421979838356	-0.17601461346487804	False
sp|P53912|YNN4_YEAST;sp|P25608|YCZ2_YEAST;sp|P54007|YL460_YEAST	745	-0.54969598817072096	-0.12242422190897646	False
sp|P22203|VATE_YEAST	746	-0.54989546818747892	-0.072709321224306692	False
sp|P05744|RL33A_YEAST	747	-0.55214954003535466	-0.10883520514557077	False
sp|P24783|DBP2_YEAST	748	-0.55264717050044154	-0.1509021087495673	False
sp|P09440|C1TM_YEAST	749	-0.55669170395141043	-0.42524120182094194	False
sp|P32468|CDC12_YEAST	750	-0.557863803384131	-0.092426123509652555	False
sp|P30624|LCF1_YEAST	751	-0.56251567241539635	-0.18212701815947221	False
sp|P28274|URA7_YEAST	752	-0.56323009383855893	-0.14569971486852276	False
sp|Q05911|PUR8_YEAST	753	-0.56600601056086974	-0.12536947587835337	False
sp|Q08179|MDM38_YEAST	754	-0.5663600125502809	-0.29961781536458076	False
sp|P32527|ZUO1_YEAST	755	-0.56718690399595506	-0.12406710151621898	False
sp|P29952|MPI_YEAST	756	-0.57552263910915835	-0.27381401575213243	False
sp|P53250|TWF1_YEAST	757	-0.57608250635277303	-0.15300223548352263	False
sp|Q04013|YHM2_YEAST	758	-0.57630925542117972	-0.48373981379082193	False
sp|P49167|RL38_YEAST	759	-0.57688734230075167	-0.069858420694082213	False
sp|P41277|GPP1_YEAST	760	-0.57776863089557562	-0.057532899393320257	False
sp|P05755|RS9B_YEAST	761	-0.57962919018924275	-0.12923702461015316	False
sp|P00560|PGK_YEAST	762	-0.58021734662671132	-0.086706773210446883	False
sp|P07259|PYR1_YEAST	763	-0.58807059414945351	-0.049969278850101752	False
sp|P25582|SPB1_YEAST	764	-0.58837130152888806	-0.15282779777764213	False
sp|P49334|TOM22_YEAST	765	-0.59217473504641371	-0.15493408091746375	False
sp|P25379|STDH_YEAST	766	-0.5933949219917265	-0.2980272120473077	False
sp|P09938|RIR2_YEAST	767	-0.59358046832203393	-0.10992168430776061	False
sp|Q08299|ENB1_YEAST	768	-0.59859981889700498	-0.32382313733344265	False
sp|P48415|SEC16_YEAST	769	-0.60149906491360083	-0.41023200978627133	False
sp|Q02326|RL6A_YEAST	770	-0.60298842518805362	-0.074654960027357234	False
sp|P15303|SEC23_YEAST	771	-0.60613140668762844	-0.28566011918073525	False
sp|P39743|RV167_YEAST	772	-0.60658758187995099	-0.088853517841324489	False
sp|P53332|COAD_YEAST	773	-0.61142874514428869	-0.20222440511409445	False
sp|P22217|TRX1_YEAST	774	-0.61527288392339385	-0.099563779405136429	False
sp|Q03195|RLI1_YEAST	775	-0.61884366300749694	-0.082919643845174321	False
sp|P22515|UBA1_YEAST	776	-0.62107555816250193	-0.11301244093048031	False
sp|P40510|SER33_YEAST	777	-0.62276650467295469	-0.19458574391194361	False
sp|P22803|TRX2_YEAST	778	-0.62526808902959319	-0.086722453982882072	False
sp|P52553|PFD6_YEAST	779	-0.63047135997890158	-0.15276359247126692	False
sp|P42846|KRI1_YEAST	780	-0.63650409855639967	-0.24735071634592506	False
sp|Q12117|MRH1_YEAST	781	-0.63802986285502239	-0.12938873947908291	False
sp|P02309|H4_YEAST	782	-0.63977787300343181	-0.17351758731719139	False
sp|P25375|PRTD_YEAST	783	-0.6398892540656913	-0.1200859552440221	False
sp|Q08745|RS10A_YEAST	784	-0.64140688803265988	-0.11749370214697308	False
sp|P06105|SC160_YEAST	785	-0.64234912252124576	-0.12796792663123333	False
sp|P28777|AROC_YEAST	786	-0.64439137036956784	-0.06243967943587473	False
sp|Q12017|PLP2_YEAST	787	-0.64747878925332136	-0.076175334217508592	False
sp|P37291|GLYC_YEAST	788	-0.64843598149168047	-0.18438629144620222	False
sp|P47047|MTR4_YEAST	789	-0.65149282075942638	-0.15842083033071694	False
sp|Q05584|GLO2_YEAST	790	-0.65561663547069204	-0.47061592130918051	False
sp|Q03705|CG121_YEAST	791	-0.65582553515843633	-0.64454328067004063	False
sp|P25294|SIS1_YEAST	792	-0.65869369354536023	-0.1967054731921524	False
sp|P54000|SUB1_YEAST	793	-0.65949985212026896	-0.36188096374334339	False
sp|P40078|NSA2_YEAST	794	-0.66006299882852848	-0.59867994531069968	False
sp|P28000|RPAC2_YEAST	795	-0.66011688785569667	-0.23547168396967541	False
sp|P40217|EIF3I_YEAST	796	-0.6606035322080267	-0.19352722395600944	False
sp|P06103|EIF3B_YEAST	797	-0.66205883400368537	-0.067194160352493995	False
sp|P20448|DBP4_YEAST	798	-0.66485510955873883	-0.59922632138223386	False
sp|P00890|CISY1_YEAST	799	-0.66682388102099055	-0.59374045302801726	False
sp|Q04947|RTN1_YEAST	800	-0.6679372259172649	-0.086520155813052682	False
sp|P15646|FBRL_YEAST	801	-0.67082211112721357	-0.15546120950625428	False
sp|P00942|TPIS_YEAST	802	-0.67128117147398503	-0.076788124324146168	False
sp|P29453|RL8B_YEAST	803	-0.67189422577271285	-0.088632349436764457	False
sp|P14904|AMPL_YEAST	804	-0.67308060825015026	-0.066596258259549998	False
sp|P32589|HSP7F_YEAST	805	-0.67461802477649102	-0.26054217888072512	False
sp|P36049|EBP2_YEAST	806	-0.67988566148299212	-0.15978749316219401	False
sp|P47068|BBC1_YEAST	807	-0.68068075137670192	-0.49011938867877092	False
sp|P37303|GLY1_YEAST	808	-0.68963197751142669	-0.11405139872395036	False
sp|P40516|SEE1_YEAST	809	-0.69356013066585542	-0.18144438574425217	False
sp|P04037|COX4_YEAST	810	-0.69432647413859205	-0.16241649499785518	False
sp|P09457|ATPO_YEAST	811	-0.69512267158559427	-0.35169800984683047	False
sp|Q06218|DBP9_YEAST	812	-0.69845480512558245	-0.3597583228311893	False
sp|P32496|RPN12_YEAST	813	-0.69903746803145428	-0.52788222537819129	False
sp|P02994|EF1A_YEAST	814	-0.70272305508575328	-0.088015201697844006	False
sp|P00358|G3P2_YEAST	815	-0.70608115051713261	-0.54651853762992531	False
sp|Q12402|YOP1_YEAST	816	-0.70893086979724484	-0.18874352590113949	False
sp|P40991|NOP2_YEAST	817	-0.71198411887822211	-0.061952787682908905	False
sp|P19524|MYO2_YEAST	818	-0.71312552719361122	-0.30573445711101971	False
sp|P25719|CYPC_YEAST	819	-0.7176490006787658	-0.6173537838992923	False
sp|P38845|CRP1_YEAST	820	-0.71791875262077065	-0.068499930141904031	False
sp|P23248|RS3A2_YEAST	821	-0.71811008045659541	-0.18304080613132237	False
sp|P05694|METE_YEAST	822	-0.71933012365035298	-0.057961990798710637	False
sp|P02294|H2B2_YEAST;sp|P02293|H2B1_YEAST	823	-0.72160419584823943	-0.37797129565212134	False
sp|Q02908|ELP3_YEAST	824	-0.72312196582504895	-1.050343666102614	False
sp|P31688|TPS2_YEAST	825	-0.7321230319928469	-0.33462835915542871	False
sp|P0CX30|RS23B_YEAST;sp|P0CX29|RS23A_YEAST	826	-0.7325327249707726	-0.54907825173507163	False
sp|P40582|GST1_YEAST	827	-0.73429849043812156	-0.3441686015233974	False
sp|P53141|MLC1_YEAST	828	-0.73967254518843251	-0.16332788727367151	False
sp|P38715|GRE3_YEAST	829	-0.73975159595981954	-0.99617173261524528	False
sp|P31373|CYS3_YEAST	830	-0.74000450394070627	-0.096590212570649925	False
sp|Q06146|YL257_YEAST	831	-0.74916308101476126	-0.11537029577631586	False
sp|P46985|MNN11_YEAST	832	-0.74987465380962681	-0.21656840580237238	False
sp|P39985|DPO5_YEAST	833	-0.75191601764092264	-0.35976416009190498	False
sp|P17505|MDHM_YEAST	834	-0.75497869924412908	-0.13985149358775692	False
sp|Q12207|NCE2_YEAST	835	-0.75770198653835197	-0.25414768688140771	False
sp|P40016|RPN3_YEAST	836	-0.75857072495662858	-0.21482742188939832	False
sp|P40008|FMP52_YEAST	837	-0.7590045938844725	-0.20734666463666565	False
sp|Q12480|ETFA_YEAST	838	-0.75968937156181615	-0.51062416067531891	False
sp|P05317|RLA0_YEAST	839	-0.76100472867957425	-0.12039425243436715	False
sp|P38219|OLA1_YEAST	840	-0.7694709711733736	-0.076914630961391353	False
sp|P15624|SYFB_YEAST	841	-0.76984977853646508	-0.12453788566679809	False
sp|Q12220|UTP12_YEAST	842	-0.77715146356782328	-0.17720605687283353	False
sp|P38237|UBP14_YEAST	843	-0.77905979056172869	-0.52736931951848776	False
sp|P12754|EI2BD_YEAST	844	-0.77917487328459656	-0.20373351206843834	False
sp|P13298|PYRE_YEAST	845	-0.78090960868371362	-0.35189391117270691	False
sp|P32628|RAD23_YEAST	846	-0.78139940516957829	-0.19681871413499152	False
sp|P53131|PRP43_YEAST	847	-0.78772536519245884	-0.20684948275014867	False
sp|P32911|SUI1_YEAST	848	-0.78865554392840964	-0.19118590178016959	False
sp|P53738|TR112_YEAST	849	-0.78966567835211698	-0.24637189697039238	False
sp|P17076|RL8A_YEAST	850	-0.79128154422733488	-0.23988897959035546	False
sp|P53081|GTPC1_YEAST	851	-0.79183205351536778	-0.089583777337236839	False
sp|P07278|KAPR_YEAST	852	-0.79715701466785238	-0.19735228016304754	False
sp|P04147|PABP_YEAST	853	-0.797778903459892	-0.052123623119392448	False
sp|P39940|RSP5_YEAST	854	-0.79828577677381884	-0.4809725459530938	False
sp|P32499|NUP2_YEAST	855	-0.80109577970112844	-0.15091563830330657	False
sp|P22276|RPC2_YEAST	856	-0.80140343321296537	-0.79627640990358606	False
sp|P38687|SRP68_YEAST	857	-0.80414532731553146	-0.25194306094211899	False
sp|Q12271|INP53_YEAST	858	-0.80432149821978804	-0.19142467074171718	False
sp|P25605|ILV6_YEAST	859	-0.8050894975312729	-0.16439371085677715	False
sp|P53221|RL26B_YEAST	860	-0.80577575004174884	-0.24087318068804583	False
sp|P07702|LYS2_YEAST	861	-0.80615243711827966	-0.943587751313121	False
sp|P53145|LSG1_YEAST	862	-0.80664772758444192	-0.36310806670284279	False
sp|P48231|TCB2_YEAST	863	-0.81273216741159582	-0.50924351388156452	False
sp|P35844|KES1_YEAST	864	-0.8128777632297346	-0.30937867995636498	False
sp|P24279|MCM3_YEAST	865	-0.81329780744641822	-2.4947615156391554	False
sp|P06169|PDC1_YEAST;sp|P26263|PDC6_YEAST;sp|P16467|PDC5_YEAST;sp|Q07471|THI3_YEAST	866	-0.8149694479920665	-0.11902575702485763	False
sp|Q12019|MDN1_YEAST	867	-0.81513667978312776	-0.21578389615982493	False
sp|P41805|RL10_YEAST	868	-0.81632963897480482	-0.16720602358957848	False
sp|P40043|RGI1_YEAST	869	-0.81665677158478611	-0.20962281090384968	False
sp|P38779|CIC1_YEAST	870	-0.81800906345828572	-0.39691947100083169	False
sp|Q02486|ABF2_YEAST	871	-0.8203213980676678	-0.27186459974080418	False
sp|P0CX83|RL19B_YEAST;sp|P0CX82|RL19A_YEAST	872	-0.82418478411946261	-0.0954352466448114	False
sp|P38891|BCA1_YEAST	873	-0.82499252870255191	-0.24523387920250173	False
sp|P38817|GGA2_YEAST	874	-0.82767521109710107	-0.76478697078747138	False
sp|Q12178|FCY1_YEAST	875	-0.83305631293561377	-0.077953046733346312	False
sp|P21954|IDHP_YEAST	876	-0.83591282515741316	-0.24147295071476549	False
sp|P48164|RS7B_YEAST	877	-0.84644681723212467	-0.2049177726784587	False
sp|Q02892|NOG1_YEAST	878	-0.84783330923692646	-0.21190022918724694	False
sp|O13547|CCW14_YEAST	879	-0.85161330379453615	-0.088203305172514249	False
sp|Q12040|YO283_YEAST	880	-0.8533755060311774	-0.28004391290039382	False
sp|P38805|RPF1_YEAST	881	-0.85777455641375977	-0.70347560141103394	False
sp|P38858|SOL3_YEAST	882	-0.85790377431470333	-0.16994899091591029	False
sp|P47119|ITPA_YEAST	883	-0.86161809729929617	-0.40051226621678282	False
sp|P25491|MAS5_YEAST	884	-0.86304489509741078	-0.1626754241615179	False
sp|P35732|DEF1_YEAST	885	-0.86577769420637873	-0.063143365007275534	False
sp|P38115|ARA1_YEAST	886	-0.87110930973293921	-0.31893591233544666	False
sp|P46654|RSSA2_YEAST	887	-0.87942812453142816	-0.25299350156102091	False
sp|P43585|VTC2_YEAST	888	-0.88222923485232663	-0.35784846147409394	False
sp|P33302|PDR5_YEAST	889	-0.88371468926374008	-0.15348730729780749	False
sp|P00950|PMG1_YEAST	890	-0.8914949244726269	-0.15081025055615171	False
sp|P04801|SYTC_YEAST	891	-0.89242723015081471	-0.18286024273812154	False
sp|P32582|CBS_YEAST	892	-0.89681328367036728	-0.15420475628416833	False
sp|Q03262|PGM3_YEAST	893	-0.8975034590147104	-1.1993877603797205	False
sp|Q12074|SPEE_YEAST	894	-0.89897533879766378	-0.27408121774763927	False
sp|Q01560|NOP3_YEAST	895	-0.90355915094493733	-0.14636076926716987	False
sp|P53301|CRH1_YEAST	896	-0.90639705486742295	-0.28173025508740207	False
sp|P39929|SNF7_YEAST	897	-0.90831278465581466	-0.23490277420377245	False
sp|P05759|RS27A_YEAST	898	-0.90969898048935138	-0.51289230609821013	False
sp|P00830|ATPB_YEAST	899	-0.91522848346277852	-0.21907685045811456	False
sp|P39522|ILV3_YEAST	900	-0.92017017758125097	-0.1929663429453766	False
sp|Q12377|RPN6_YEAST	901	-0.92079346758283931	-1.9624027230433008	False
sp|Q01939|PRS8_YEAST	902	-0.9245876814080155	-0.4124232649719346	False
sp|Q05506|SYRC_YEAST;sp|P38714|SYRM_YEAST	903	-0.94209435287352827	-0.074412543174395537	False
sp|Q08220|GSHB_YEAST	904	-0.95122952723030385	-0.22921002938116311	False
sp|Q02948|BECN1_YEAST	905	-0.96971838994406723	-0.75701774959530022	False
sp|P50861|RIB4_YEAST	906	-0.97485275018473894	-0.5099620332256336	False
sp|P53883|NOP13_YEAST	907	-0.98143920686507102	-0.51632742312048074	False
sp|Q12746|PGA3_YEAST	908	-0.98921314180810316	-0.25045237867930698	False
sp|P15705|STI1_YEAST	909	-0.99091527094860166	-0.092762662176311281	False
sp|P31382|PMT2_YEAST	910	-0.99425846882029412	-0.25502399850216761	False
sp|Q12447|PAA1_YEAST	911	-0.99946970325582063	-0.47999271464681925	False
sp|P04456|RL25_YEAST	912	-0.99964040301763624	-0.31477669258690116	False
sp|P47001|CIS3_YEAST	913	-1.0061865505959571	-0.19032957454575458	False
sp|Q12109|SYWC_YEAST	914	-1.0107389394753012	-0.15855761486037659	False
sp|P40327|PRS4_YEAST	915	-1.0107612751122961	-0.15108636724809088	False
sp|P08417|FUMH_YEAST	916	-1.01263082946522	-0.13748793524611239	False
sp|Q12680|GLT1_YEAST	917	-1.01800971402524	-0.40390144863018423	False
sp|Q12305|RDL1_YEAST	918	-1.0267088684144756	-0.9396866525007409	False
sp|P49090|ASNS2_YEAST	919	-1.0325625494486192	-0.2098263273971798	False
sp|P06780|RHO1_YEAST	920	-1.032943881622737	-0.19845862059001837	False
sp|P39727|ERV46_YEAST	921	-1.0333289245084383	-0.20508192661871405	False
sp|P04840|VDAC1_YEAST	922	-1.0379535076440998	-0.24775959254354993	False
sp|P32602|SEC17_YEAST	923	-1.044460014905839	-0.26418271239993868	False
sp|P32324|EF2_YEAST	924	-1.0489914720304776	-0.094992747961510318	False
sp|P33317|DUT_YEAST	925	-1.0511095188846062	-1.0876360213535079	False
sp|P32463|ACPM_YEAST	926	-1.0575317063290344	-0.67470374966447721	False
sp|Q3E7X9|RS28A_YEAST;sp|P0C0X0|RS28B_YEAST	927	-1.0644825414814816	-0.13899558899699826	False
sp|P14843|AROF_YEAST	928	-1.065658578596359	-0.15861546744972208	False
sp|P07560|SEC4_YEAST	929	-1.0686217969250102	-0.12565236647495226	False
sp|P12695|ODP2_YEAST	930	-1.0703100942621826	-0.25016041233085912	False
sp|P34223|UBX1_YEAST	931	-1.0762749582506135	-0.10856182219666503	False
sp|P41056|RL33B_YEAST	932	-1.0764426627192969	-0.61321115117190672	False
sp|P00815|HIS2_YEAST	933	-1.0829798070524912	-0.20034614576618046	False
sp|Q04697|GSF2_YEAST	934	-1.0860935803698404	-0.20616985650699368	False
sp|P10622|RLA3_YEAST	935	-1.0940876182231074	-0.50465876736813919	False
sp|P23542|AATC_YEAST	936	-1.0941997961797318	-0.16604210864696847	False
sp|Q3E754|RS21B_YEAST;sp|P0C0V8|RS21A_YEAST	937	-1.1087445835616665	-0.1787154969083069	False
sp|P07244|PUR2_YEAST	938	-1.1360747710357755	-0.29467655558623207	False
sp|Q99257|MEX67_YEAST	939	-1.1389964095648588	-0.33532317871821843	False
sp|P07260|IF4E_YEAST	940	-1.1446255631482942	-0.17941009389869458	False
sp|P38260|FES1_YEAST	941	-1.1478249907185412	-0.53854105301209876	False
sp|P07342|ILVB_YEAST	942	-1.1496197259205001	-0.1096945985464058	False
sp|P16550|APA1_YEAST	943	-1.1497101473796951	-0.31718507248142203	False
sp|Q03835|GLRX3_YEAST	944	-1.150948765608151	-0.2080781512643218	False
sp|P15891|ABP1_YEAST	945	-1.1517493493991886	-0.38805977182845081	False
sp|P38911|FKBP3_YEAST	946	-1.1535225626786538	-0.58650936919744723	False
sp|Q03655|GAS3_YEAST	947	-1.1540186369053984	-0.21686561902365753	False
sp|P16140|VATB_YEAST	948	-1.1629165211480577	-0.13735180790651569	False
sp|P20676|NUP1_YEAST	949	-1.1651798440717507	-3.2784903535198286	False
sp|P32264|PROB_YEAST	950	-1.1700428298084373	-0.68962410769383509	False
sp|P53598|SUCA_YEAST	951	-1.1854943598088545	-0.070141885329049344	False
sp|P38217|IMB2_YEAST	952	-1.1863931599152591	-0.67049817249415911	False
sp|Q08951|AP3D_YEAST	953	-1.2165795055700204	-0.24536471956903227	False
sp|P39533|ACON2_YEAST	954	-1.223529817528997	-0.78210443783293238	False
sp|P30822|XPO1_YEAST	955	-1.2247142037304704	-0.26859684202899931	False
sp|P43590|YFH6_YEAST	956	-1.2460518659007036	-0.3888105880904173	False
sp|O14455|RL36B_YEAST	957	-1.2568627274800972	-0.11910024476691798	False
sp|P38825|TOM71_YEAST	958	-1.2656714709780008	-0.46760761673947587	False
sp|P53600|COPZ_YEAST	959	-1.2678352648613695	-0.41923797989025618	False
sp|P41911|GPD2_YEAST	960	-1.2715070605148417	-0.15182063002979618	False
sp|P37262|SOL2_YEAST;sp|P50278|SOL1_YEAST	961	-1.2743195152595097	-0.57686593130433528	False
sp|P38707|SYNC_YEAST	962	-1.2747825325772835	-0.13523238953922009	False
sp|P12962|CAF20_YEAST	963	-1.2789784295741211	-0.30727502086585662	False
sp|P36015|YKT6_YEAST	964	-1.282116714530966	-0.25875536745328037	False
sp|Q08245|ZEO1_YEAST	965	-1.2843081496791786	-0.2096934853831153	False
sp|P20967|ODO1_YEAST	966	-1.3083372289173711	-0.23541306285351737	False
sp|P01123|YPT1_YEAST	967	-1.3093852271767454	-0.09493995979956793	False
sp|P27692|SPT5_YEAST	968	-1.3241877286688815	-0.38549836798520448	False
sp|P06168|ILV5_YEAST	969	-1.3437885040027997	-0.10358634673460425	False
sp|P20434|RPAB1_YEAST	970	-1.3659111146153147	-0.37972151922573022	False
sp|P47143|ADK_YEAST	971	-1.3703227741056156	-0.74133034236867223	False
sp|P18899|DDR48_YEAST	972	-1.3703800553076562	-0.47502225886092236	False
sp|P33767|OSTB_YEAST	973	-1.3722997459609554	-0.81114222648920864	False
sp|P19097|FAS2_YEAST	974	-1.37490223382877	-0.11649752203041075	False
sp|P08518|RPB2_YEAST	975	-1.3811692629375714	-0.16464369114933319	False
sp|P32495|NHP2_YEAST	976	-1.3860508452591469	-0.61514071376335389	False
sp|P19881|PNPP_YEAST	977	-1.388591038424714	-0.57004576524394091	False
sp|P53276|UTP8_YEAST	978	-1.389848974472276	-0.30820434090854693	False
sp|P38625|GUAA_YEAST	979	-1.3947199760869966	-0.33513090304176057	False
sp|Q08004|BUD20_YEAST	980	-1.4019255571898108	-0.28797625227470408	False
sp|P36152|DRE2_YEAST	981	-1.4038679607950759	-0.49746713462366604	False
sp|P41921|GSHR_YEAST	982	-1.4179487437959635	-0.15207264876935631	False
sp|Q06697|CDC73_YEAST	983	-1.4268993848681315	-0.37740542380904013	False
sp|P14065|GCY1_YEAST	984	-1.4297305341037425	-0.43256662067780144	False
sp|Q06631|BFR2_YEAST	985	-1.4343772973174189	-0.39567995997077315	False
sp|P31787|ACBP_YEAST	986	-1.4369327150479645	-0.30710245150568127	False
sp|P10614|CP51_YEAST	987	-1.4401034878942831	-0.288946357703247	False
sp|P25040|TSR4_YEAST	988	-1.4403542554762219	-0.34017931926514677	False
sp|P27616|PUR7_YEAST	989	-1.4452976878574046	-0.43404078210228764	False
sp|P25087|ERG6_YEAST	990	-1.4505125813622577	-0.13871460898365603	False
sp|P43609|RSC8_YEAST	991	-1.4506486716343476	-0.27398736855933947	False
sp|P00445|SODC_YEAST	992	-1.456882297383755	-0.34313005699712562	False
sp|P47176|BCA2_YEAST	993	-1.4610145071253495	-0.29416215555107189	False
sp|P32327|PYC2_YEAST	994	-1.4658772593503566	-1.0147271238775275	False
sp|P21965|MCK1_YEAST	995	-1.4683862503872842	-0.17465240530338733	False
sp|P43535|GCN20_YEAST	996	-1.4853575337685092	-0.36382964753185948	False
sp|P38792|RRP4_YEAST	997	-1.4934405504782169	-0.54758781130895307	False
sp|P53252|PIL1_YEAST	998	-1.4967104656867802	-0.14594496716693564	False
sp|P36136|SHB17_YEAST	999	-1.5260393966788366	-1.0414538356198044	False
sp|P32623|CRH2_YEAST	1000	-1.5303873029145183	-0.26196504482293764	False
sp|P43588|RPN11_YEAST	1001	-1.5312976180918134	-0.29241111467734032	False
sp|P40070|LSM4_YEAST	1002	-1.5375501871201576	-0.50582510499001587	False
sp|Q06205|FKBP4_YEAST	1003	-1.5390218259124084	-0.40898141302142815	False
sp|P38011|GBLP_YEAST	1004	-1.5428419841588379	-0.1871117789740282	False
sp|Q12149|RRP6_YEAST	1005	-1.5488175521976948	-0.58278941143837371	False
sp|P39676|FHP_YEAST	1006	-1.5636859021103147	-0.29718432118108024	False
sp|Q08235|BRX1_YEAST	1007	-1.5994589777575183	-1.3289625765822339	False
sp|P23641|MPCP_YEAST	1008	-1.6036706999384773	-0.37239837918911434	False
sp|P38791|DHYS_YEAST	1009	-1.6098773926150316	-0.33713730203042758	False
sp|P47079|TCPQ_YEAST	1010	-1.6108670080454557	-0.15863237313951237	False
sp|P40302|PSA6_YEAST	1011	-1.6618653406226664	-0.25832845708189939	False
sp|P10081|IF4A_YEAST	1012	-1.668978373492392	-0.19221003951098106	False
sp|P05453|ERF3_YEAST	1013	-1.6794495842503261	-0.25430594245876037	False
sp|P47912|LCF4_YEAST	1014	-1.7156262905179185	-0.37784873348509979	False
sp|Q12078|SMF3_YEAST	1015	-1.7178544457433285	-0.39810478272870853	False
sp|P33401|PGM1_YEAST	1016	-1.719823337857183	-0.3558555143657986	False
sp|Q05933|ARPC3_YEAST	1017	-1.7444248429984357	-1.066123788688434	False
sp|P02400|RLA4_YEAST	1018	-1.7460151259341188	-0.15131210270280704	False
sp|P39517|DHH1_YEAST	1019	-1.7532049781139289	-0.19589054703859196	False
sp|P38910|CH10_YEAST	1020	-1.7659818944813086	-0.45413010765235501	False
sp|P40518|ARPC5_YEAST	1021	-1.766532734716117	-1.0616382653867042	False
sp|Q08224|THI20_YEAST;sp|Q08975|THI21_YEAST	1022	-1.7885472685380452	-0.34986611766900683	False
sp|P40517|YRB2_YEAST	1023	-1.8072287728976184	-0.34894551085549352	False
sp|P31539|HS104_YEAST	1024	-1.81566431718888	-0.3117599958151267	False
sp|Q12754|RRP12_YEAST	1025	-1.8164538733014688	-0.47263218691317022	False
sp|P32453|ATP11_YEAST	1026	-1.8165616328709759	-0.27739161807072438	False
sp|P33338|SLA2_YEAST	1027	-1.8522560206859349	-0.29991298124890403	False
sp|P0CH09|RL402_YEAST;sp|P0CH08|RL401_YEAST;sp|P0CG63|UBI4P_YEAST	1028	-1.8614315189165591	-1.8928118413457646	False
sp|P15496|IDI1_YEAST	1029	-1.8673904791239471	-0.24565484436312346	False
sp|P38985|SRP14_YEAST	1030	-1.8787163619469176	-0.24774681639321727	False
sp|P32895|KPR1_YEAST	1031	-1.890661521745564	-0.426131450081422	False
sp|P39109|YCFI_YEAST	1032	-1.9001886438066857	-0.31899129147523314	False
sp|P0C2H7|RL27B_YEAST;sp|P0C2H6|RL27A_YEAST	1033	-1.9154013393175893	-0.33574428487115426	False
sp|P00360|G3P1_YEAST	1034	-1.9312538636822174	-0.14659538094986382	False
sp|Q04493|PFD5_YEAST	1035	-1.9452808076072956	-0.39711646185428623	False
sp|P32915|SC61A_YEAST	1036	-1.9499104446545574	-1.6652873578213974	False
sp|P40032|TPA1_YEAST	1037	-1.9643215305956527	-0.37240024353085133	False
sp|Q04178|HPRT_YEAST	1038	-1.9707933440264966	-0.88371405069260811	False
sp|P32263|P5CR_YEAST	1039	-1.9751483797798932	-0.20705900313352643	False
sp|P00937|TRPG_YEAST	1040	-1.9818691821160963	-0.53140713858240929	False
sp|Q01477|UBP3_YEAST	1041	-1.9895466417293564	-0.30289994756563604	False
sp|P07258|CARA_YEAST	1042	-2.0030253931213671	-0.55058677890298569	False
sp|Q06489|MTNA_YEAST	1043	-2.0271491228638725	-0.41145538211876459	False
sp|P49435|APT1_YEAST	1044	-2.0292024078523041	-0.15159211695089661	False
sp|P04076|ARLY_YEAST	1045	-2.0318609682597417	-0.32494309466131571	False
sp|P05740|RL17A_YEAST	1046	-2.0355750730964104	-0.081276097761143973	False
sp|Q12164|POM33_YEAST	1047	-2.0852799042774093	-0.53589142349030416	False
sp|P53941|IMP4_YEAST	1048	-2.1141951109362571	-0.59036152440873713	False
sp|P53261|PESC_YEAST	1049	-2.1359969935750778	-0.51434352667000616	False
sp|P07991|OAT_YEAST	1050	-2.149577792940863	-0.23329526626185171	False
sp|P33330|SERC_YEAST	1051	-2.154865889552926	-0.34263431430213842	False
sp|P0CX54|RL12B_YEAST;sp|P0CX53|RL12A_YEAST	1052	-2.1551991640396797	-0.34465599451544787	False
sp|Q03862|ARX1_YEAST	1053	-2.1793081191311585	-0.49809949056981395	False
sp|Q04636|POB3_YEAST	1054	-2.2256404243416386	-0.41941841580825806	False
sp|Q12159|YRA1_YEAST	1055	-2.2974301368161893	-0.11432315413498155	False
sp|P38795|NADE_YEAST	1056	-2.3181048035883207	-0.54465615048394633	False
sp|Q04225|RRB1_YEAST	1057	-2.3210185523191895	-0.5374745843846741	False
sp|P38627|URA8_YEAST	1058	-2.3308891639521283	-1.0114858795138932	False
sp|P53622|COPA_YEAST	1059	-2.3390440586950563	-0.69053522277989643	False
sp|Q05515|SVF1_YEAST	1060	-2.3827143549552248	-0.38855931374300923	False
sp|P17106|CBF1_YEAST	1061	-2.495445319896398	-0.68615248369491388	False
sp|P37263|YC16_YEAST	1062	-2.528115525097995	-0.40165962376517089	False
sp|P45978|SCD6_YEAST	1063	-2.5614542488330483	-0.49099709740196218	False
sp|O13516|RS9A_YEAST	1064	-2.5654958899920053	-0.23915234271730176	False
sp|Q12068|GRE2_YEAST	1065	-2.5705011935640951	-0.46571997922156072	False
sp|P22147|XRN1_YEAST	1066	-2.6010173332075235	-0.45338017730212715	False
sp|P14127|RS17B_YEAST;sp|P02407|RS17A_YEAST	1067	-2.6099109165289858	-0.29013849269660597	False
sp|P80967|TOM5_YEAST	1068	-2.6666382092768872	-0.22150638177511203	False
sp|P36013|MAOM_YEAST	1069	-2.6747400331403295	-0.47568620086451691	False
sp|P39729|RBG1_YEAST	1070	-2.7490580323532061	-0.42064147213593611	False
sp|P53731|ARPC2_YEAST	1071	-2.8054626609734004	-0.51270129850600199	False
sp|P32787|MG101_YEAST	1072	-2.8170789950396866	-1.1794076679132186	False
sp|P12630|BAR1_YEAST	1073	-2.8540419384543689	-0.44550254985776111	False
sp|P20447|DBP3_YEAST	1074	-2.8961303992340373	-0.48588193456524448	False
sp|P48589|RS12_YEAST	1075	-2.9268617248951285	-0.28289641156155437	False
sp|P38623|RCK2_YEAST	1076	-2.9306924361273894	-1.0087220294935129	False
sp|P07245|C1TC_YEAST	1077	-2.945533982509696	-0.26820507590003828	False
sp|P19414|ACON_YEAST	1078	-3.1050743471353712	-0.16584320735644317	False
sp|P25567|SRO9_YEAST	1079	-3.3522034013745587	-0.81395205889930489	False
sp|Q04062|RPN9_YEAST	1080	-3.3773161264390068	-0.48527779037707103	False
sp|P07806|SYV_YEAST	1081	-3.4344279683548686	-0.11596988552207439	False
sp|P42941|SERB_YEAST	1082	-3.4622226826003564	-0.26728866182818106	False
sp|P53852|SYC_YEAST	1083	-3.4829570353384711	-0.38741614409275726	False
sp|P54861|DNM1_YEAST	1084	-3.5533841924815497	-1.2206461233291968	False
sp|P00927|THDH_YEAST	1085	-3.5687696927624128	-0.28870861913282891	False
sp|P11412|G6PD_YEAST	1086	-3.5695443929012574	-0.24298400586596358	False
sp|P32469|DPH5_YEAST	1087	-3.619604726145452	-0.94695101297076079	False
sp|P41338|THIL_YEAST	1088	-3.6226849661493712	-0.16469729024297899	False
sp|Q12136|SAS10_YEAST	1089	-3.6787819445960634	-0.72055555208101418	False
sp|P53337|ERV29_YEAST	1090	-3.9665305802173663	-0.36673921271871873	False
sp|P38999|LYS9_YEAST	1091	-4.1430806295423679	-0.96641365172625393	False
sp|Q03532|HAS1_YEAST	1092	-4.2857978651793678	-0.4712005342089931	False
sp|Q06440|CORO_YEAST	1093	-4.5130742195599689	-0.36603484537949288	False
sp|P32457|CDC3_YEAST	1094	-4.5214659086396942	-0.59690143753090774	False
sp|P35723|YET1_YEAST	1095	-4.598157334311046	-0.51989121524593429	False
sp|Q3E7Y3|RS22B_YEAST;sp|P0C0W1|RS22A_YEAST	1096	-4.8966624781695716	-0.57037557898828217	False
sp|P32563|VPH1_YEAST	1097	-6.4639261950940856	-0.89257407026084701	False
