feature_id	baseline_rank	baseline_topk	baseline_effect_sign	membership_status	membership_minimum_change_lower_bound	membership_minimum_change_upper_bound	membership_exact_minimum_change	membership_certified_through	membership_witness	direction_status	direction_minimum_change_lower_bound	direction_minimum_change_upper_bound	direction_exact_minimum_change	direction_certified_through	direction_witness
P10636-8ups|TAU_HUMAN_UPS	1	True	1	CERTIFIED	3			2	null	CERTIFIED	3			2	null
P00918ups|CAH2_HUMAN_UPS	2	True	1	CERTIFIED	3			2	null	CERTIFIED	3			2	null
P01127ups|PDGFB_HUMAN_UPS	3	True	1	CERTIFIED	3			2	null	CERTIFIED	3			2	null
P08311ups|CATG_HUMAN_UPS	4	True	1	CERTIFIED	3			2	null	CERTIFIED	3			2	null
P02144ups|MYG_HUMAN_UPS	5	True	1	REFUTED	2	2	2	1	"{""deleted_indices"": [0, 3], ""topk"": [""sp|P32496|RPN12_YEAST"", ""sp|P38295|MCFS2_YEAST"", ""P02787ups|TRFE_HUMAN_UPS;CON__Q2HJF0"", ""P00918ups|CAH2_HUMAN_UPS"", ""P63279ups|UBC9_HUMAN_UPS"", ""P10636-8ups|TAU_HUMAN_UPS"", ""sp|P53043|PPT1_YEAST"", ""P63165ups|SUMO1_HUMAN_UPS"", ""sp|P38986|ASPG1_YEAST"", ""P08311ups|CATG_HUMAN_UPS"", ""sp|P46683|YAR1_YEAST"", ""P01127ups|PDGFB_HUMAN_UPS"", ""P61769ups|B2MG_HUMAN_UPS"", ""sp|P38203|LSM2_YEAST"", ""sp|P11938|RAP1_YEAST"", ""P06732ups|KCRM_HUMAN_UPS"", ""P01008ups|ANT3_HUMAN_UPS;CON__P41361"", ""sp|P14120|RL30_YEAST"", ""sp|P49367|LYS4_YEAST"", ""sp|P39105|PLB1_YEAST""], ""effect_sign"": 1, ""deleted_units"": [""A7"", ""B7""]}"	CERTIFIED	3			2	null
P02787ups|TRFE_HUMAN_UPS;CON__Q2HJF0	6	True	1	REFUTED	2	2	2	1	"{""deleted_indices"": [1, 3], ""topk"": [""sp|P38295|MCFS2_YEAST"", ""P99999ups|CYC_HUMAN_UPS;CON__P62894"", ""P10636-8ups|TAU_HUMAN_UPS"", ""P63279ups|UBC9_HUMAN_UPS"", ""sp|P38986|ASPG1_YEAST"", ""P08311ups|CATG_HUMAN_UPS"", ""P02144ups|MYG_HUMAN_UPS"", ""P00918ups|CAH2_HUMAN_UPS"", ""P01127ups|PDGFB_HUMAN_UPS"", ""sp|P32910|RPC6_YEAST"", ""sp|P40106|GPP2_YEAST"", ""sp|P39105|PLB1_YEAST"", ""sp|P21734|UBC1_YEAST"", ""sp|P40509|COPE_YEAST"", ""sp|P53326|YG5L_YEAST"", ""sp|P14120|RL30_YEAST"", ""sp|P38203|LSM2_YEAST"", ""sp|P38256|YBU6_YEAST"", ""sp|P25586|KRR1_YEAST"", ""sp|P38281|APD1_YEAST""], ""effect_sign"": 1, ""deleted_units"": [""A8"", ""B7""]}"	CERTIFIED	3			2	null
sp|P53335|PXR1_YEAST	7	True	1	REFUTED	2	2	2	1	"{""deleted_indices"": [0, 3], ""topk"": [""sp|P32496|RPN12_YEAST"", ""sp|P38295|MCFS2_YEAST"", ""P02787ups|TRFE_HUMAN_UPS;CON__Q2HJF0"", ""P00918ups|CAH2_HUMAN_UPS"", ""P63279ups|UBC9_HUMAN_UPS"", ""P10636-8ups|TAU_HUMAN_UPS"", ""sp|P53043|PPT1_YEAST"", ""P63165ups|SUMO1_HUMAN_UPS"", ""sp|P38986|ASPG1_YEAST"", ""P08311ups|CATG_HUMAN_UPS"", ""sp|P46683|YAR1_YEAST"", ""P01127ups|PDGFB_HUMAN_UPS"", ""P61769ups|B2MG_HUMAN_UPS"", ""sp|P38203|LSM2_YEAST"", ""sp|P11938|RAP1_YEAST"", ""P06732ups|KCRM_HUMAN_UPS"", ""P01008ups|ANT3_HUMAN_UPS;CON__P41361"", ""sp|P14120|RL30_YEAST"", ""sp|P49367|LYS4_YEAST"", ""sp|P39105|PLB1_YEAST""], ""effect_sign"": 1, ""deleted_units"": [""A7"", ""B7""]}"	CERTIFIED	3			2	null
P10145ups|IL8_HUMAN_UPS	8	True	1	REFUTED	1	1	1	0	"{""deleted_indices"": [0], ""topk"": [""P02787ups|TRFE_HUMAN_UPS;CON__Q2HJF0"", ""P00918ups|CAH2_HUMAN_UPS"", ""P10636-8ups|TAU_HUMAN_UPS"", ""P01127ups|PDGFB_HUMAN_UPS"", ""sp|P53043|PPT1_YEAST"", ""sp|P11938|RAP1_YEAST"", ""P08311ups|CATG_HUMAN_UPS"", ""P61769ups|B2MG_HUMAN_UPS"", ""sp|P14120|RL30_YEAST"", ""P06732ups|KCRM_HUMAN_UPS"", ""sp|P38203|LSM2_YEAST"", ""P62937ups|PPIA_HUMAN_UPS"", ""sp|P49367|LYS4_YEAST"", ""sp|P53335|PXR1_YEAST"", ""sp|P38174|MAP2_YEAST"", ""Q06830ups|PRDX1_HUMAN_UPS"", ""P02753ups|RETBP_HUMAN_UPS"", ""P63165ups|SUMO1_HUMAN_UPS"", ""P63279ups|UBC9_HUMAN_UPS"", ""P02144ups|MYG_HUMAN_UPS""], ""effect_sign"": 1, ""deleted_units"": [""A7""]}"	CERTIFIED	3			2	null
sp|P38203|LSM2_YEAST	9	True	1	REFUTED	1	1	1	0	"{""deleted_indices"": [4], ""topk"": [""P10636-8ups|TAU_HUMAN_UPS"", ""sp|P53335|PXR1_YEAST"", ""P08311ups|CATG_HUMAN_UPS"", ""P00918ups|CAH2_HUMAN_UPS"", ""P01127ups|PDGFB_HUMAN_UPS"", ""P02144ups|MYG_HUMAN_UPS"", ""P02787ups|TRFE_HUMAN_UPS;CON__Q2HJF0"", ""P10145ups|IL8_HUMAN_UPS"", ""P61769ups|B2MG_HUMAN_UPS"", ""P02753ups|RETBP_HUMAN_UPS"", ""sp|P53200|AML1_YEAST"", ""P04040ups|CATA_HUMAN_UPS"", ""sp|P38626|NCB5R_YEAST"", ""P08263ups|GSTA1_HUMAN_UPS"", ""sp|P14120|RL30_YEAST"", ""sp|Q12250|RPN5_YEAST"", ""sp|P07347|ARD1_YEAST"", ""P63279ups|UBC9_HUMAN_UPS"", ""sp|P40215|NDH1_YEAST"", ""sp|P53920|NM111_YEAST""], ""effect_sign"": 1, ""deleted_units"": [""B8""]}"	CERTIFIED	3			2	null
sp|P14120|RL30_YEAST	10	True	1	REFUTED	1	1	1	0	"{""deleted_indices"": [2], ""topk"": [""P02144ups|MYG_HUMAN_UPS"", ""P10636-8ups|TAU_HUMAN_UPS"", ""P00918ups|CAH2_HUMAN_UPS"", ""P01127ups|PDGFB_HUMAN_UPS"", ""sp|P0CT04|IPB2_YEAST"", ""P10145ups|IL8_HUMAN_UPS"", ""P08311ups|CATG_HUMAN_UPS"", ""sp|P07347|ARD1_YEAST"", ""P08263ups|GSTA1_HUMAN_UPS"", ""sp|Q12211|PUS1_YEAST"", ""sp|P38205|NCL1_YEAST"", ""sp|P53335|PXR1_YEAST"", ""P63279ups|UBC9_HUMAN_UPS"", ""sp|P15700|KCY_YEAST"", ""P02787ups|TRFE_HUMAN_UPS;CON__Q2HJF0"", ""sp|P38203|LSM2_YEAST"", ""sp|P53200|AML1_YEAST"", ""P61769ups|B2MG_HUMAN_UPS"", ""sp|P22138|RPA2_YEAST"", ""sp|P32614|FRDS_YEAST""], ""effect_sign"": 1, ""deleted_units"": [""A9""]}"	CERTIFIED	3			2	null
P63279ups|UBC9_HUMAN_UPS	11	True	1	REFUTED	2	2	2	1	"{""deleted_indices"": [0, 4], ""topk"": [""P02787ups|TRFE_HUMAN_UPS;CON__Q2HJF0"", ""P00918ups|CAH2_HUMAN_UPS"", ""sp|P07149|FAS1_YEAST"", ""P61769ups|B2MG_HUMAN_UPS"", ""P10636-8ups|TAU_HUMAN_UPS"", ""sp|P53335|PXR1_YEAST"", ""P08311ups|CATG_HUMAN_UPS"", ""P02753ups|RETBP_HUMAN_UPS"", ""sp|P32861|UGPA1_YEAST"", ""sp|P53043|PPT1_YEAST"", ""sp|P38174|MAP2_YEAST"", ""P01127ups|PDGFB_HUMAN_UPS"", ""P62937ups|PPIA_HUMAN_UPS"", ""sp|P0CX50|RL18B_YEAST;sp|P0CX49|RL18A_YEAST"", ""sp|P49089|ASNS1_YEAST"", ""P06732ups|KCRM_HUMAN_UPS"", ""sp|P41810|COPB_YEAST"", ""sp|P11938|RAP1_YEAST"", ""Q06830ups|PRDX1_HUMAN_UPS"", ""sp|P14120|RL30_YEAST""], ""effect_sign"": 1, ""deleted_units"": [""A7"", ""B8""]}"	CERTIFIED	3			2	null
P61769ups|B2MG_HUMAN_UPS	12	True	1	REFUTED	1	1	1	0	"{""deleted_indices"": [1], ""topk"": [""P10636-8ups|TAU_HUMAN_UPS"", ""P99999ups|CYC_HUMAN_UPS;CON__P62894"", ""P08311ups|CATG_HUMAN_UPS"", ""P01127ups|PDGFB_HUMAN_UPS"", ""P02144ups|MYG_HUMAN_UPS"", ""P00918ups|CAH2_HUMAN_UPS"", ""sp|Q3E834|YOS1_YEAST"", ""sp|P53326|YG5L_YEAST"", ""P04040ups|CATA_HUMAN_UPS"", ""P63279ups|UBC9_HUMAN_UPS"", ""sp|P38281|APD1_YEAST"", ""sp|P53335|PXR1_YEAST"", ""sp|P14120|RL30_YEAST"", ""P08263ups|GSTA1_HUMAN_UPS"", ""sp|P38203|LSM2_YEAST"", ""P02787ups|TRFE_HUMAN_UPS;CON__Q2HJF0"", ""sp|P32614|FRDS_YEAST"", ""P63165ups|SUMO1_HUMAN_UPS"", ""P10145ups|IL8_HUMAN_UPS"", ""sp|P53742|NOG2_YEAST""], ""effect_sign"": 1, ""deleted_units"": [""A8""]}"	CERTIFIED	3			2	null
sp|P07347|ARD1_YEAST	13	True	1	REFUTED	1	1	1	0	"{""deleted_indices"": [0], ""topk"": [""P02787ups|TRFE_HUMAN_UPS;CON__Q2HJF0"", ""P00918ups|CAH2_HUMAN_UPS"", ""P10636-8ups|TAU_HUMAN_UPS"", ""P01127ups|PDGFB_HUMAN_UPS"", ""sp|P53043|PPT1_YEAST"", ""sp|P11938|RAP1_YEAST"", ""P08311ups|CATG_HUMAN_UPS"", ""P61769ups|B2MG_HUMAN_UPS"", ""sp|P14120|RL30_YEAST"", ""P06732ups|KCRM_HUMAN_UPS"", ""sp|P38203|LSM2_YEAST"", ""P62937ups|PPIA_HUMAN_UPS"", ""sp|P49367|LYS4_YEAST"", ""sp|P53335|PXR1_YEAST"", ""sp|P38174|MAP2_YEAST"", ""Q06830ups|PRDX1_HUMAN_UPS"", ""P02753ups|RETBP_HUMAN_UPS"", ""P63165ups|SUMO1_HUMAN_UPS"", ""P63279ups|UBC9_HUMAN_UPS"", ""P02144ups|MYG_HUMAN_UPS""], ""effect_sign"": 1, ""deleted_units"": [""A7""]}"	CERTIFIED	3			2	null
P63165ups|SUMO1_HUMAN_UPS	14	True	1	REFUTED	1	1	1	0	"{""deleted_indices"": [2], ""topk"": [""P02144ups|MYG_HUMAN_UPS"", ""P10636-8ups|TAU_HUMAN_UPS"", ""P00918ups|CAH2_HUMAN_UPS"", ""P01127ups|PDGFB_HUMAN_UPS"", ""sp|P0CT04|IPB2_YEAST"", ""P10145ups|IL8_HUMAN_UPS"", ""P08311ups|CATG_HUMAN_UPS"", ""sp|P07347|ARD1_YEAST"", ""P08263ups|GSTA1_HUMAN_UPS"", ""sp|Q12211|PUS1_YEAST"", ""sp|P38205|NCL1_YEAST"", ""sp|P53335|PXR1_YEAST"", ""P63279ups|UBC9_HUMAN_UPS"", ""sp|P15700|KCY_YEAST"", ""P02787ups|TRFE_HUMAN_UPS;CON__Q2HJF0"", ""sp|P38203|LSM2_YEAST"", ""sp|P53200|AML1_YEAST"", ""P61769ups|B2MG_HUMAN_UPS"", ""sp|P22138|RPA2_YEAST"", ""sp|P32614|FRDS_YEAST""], ""effect_sign"": 1, ""deleted_units"": [""A9""]}"	CERTIFIED	3			2	null
P08263ups|GSTA1_HUMAN_UPS	15	True	1	REFUTED	1	1	1	0	"{""deleted_indices"": [0], ""topk"": [""P02787ups|TRFE_HUMAN_UPS;CON__Q2HJF0"", ""P00918ups|CAH2_HUMAN_UPS"", ""P10636-8ups|TAU_HUMAN_UPS"", ""P01127ups|PDGFB_HUMAN_UPS"", ""sp|P53043|PPT1_YEAST"", ""sp|P11938|RAP1_YEAST"", ""P08311ups|CATG_HUMAN_UPS"", ""P61769ups|B2MG_HUMAN_UPS"", ""sp|P14120|RL30_YEAST"", ""P06732ups|KCRM_HUMAN_UPS"", ""sp|P38203|LSM2_YEAST"", ""P62937ups|PPIA_HUMAN_UPS"", ""sp|P49367|LYS4_YEAST"", ""sp|P53335|PXR1_YEAST"", ""sp|P38174|MAP2_YEAST"", ""Q06830ups|PRDX1_HUMAN_UPS"", ""P02753ups|RETBP_HUMAN_UPS"", ""P63165ups|SUMO1_HUMAN_UPS"", ""P63279ups|UBC9_HUMAN_UPS"", ""P02144ups|MYG_HUMAN_UPS""], ""effect_sign"": 1, ""deleted_units"": [""A7""]}"	CERTIFIED	3			2	null
P99999ups|CYC_HUMAN_UPS;CON__P62894	16	True	1	REFUTED	1	1	1	0	"{""deleted_indices"": [0], ""topk"": [""P02787ups|TRFE_HUMAN_UPS;CON__Q2HJF0"", ""P00918ups|CAH2_HUMAN_UPS"", ""P10636-8ups|TAU_HUMAN_UPS"", ""P01127ups|PDGFB_HUMAN_UPS"", ""sp|P53043|PPT1_YEAST"", ""sp|P11938|RAP1_YEAST"", ""P08311ups|CATG_HUMAN_UPS"", ""P61769ups|B2MG_HUMAN_UPS"", ""sp|P14120|RL30_YEAST"", ""P06732ups|KCRM_HUMAN_UPS"", ""sp|P38203|LSM2_YEAST"", ""P62937ups|PPIA_HUMAN_UPS"", ""sp|P49367|LYS4_YEAST"", ""sp|P53335|PXR1_YEAST"", ""sp|P38174|MAP2_YEAST"", ""Q06830ups|PRDX1_HUMAN_UPS"", ""P02753ups|RETBP_HUMAN_UPS"", ""P63165ups|SUMO1_HUMAN_UPS"", ""P63279ups|UBC9_HUMAN_UPS"", ""P02144ups|MYG_HUMAN_UPS""], ""effect_sign"": 1, ""deleted_units"": [""A7""]}"	CERTIFIED	3			2	null
P04040ups|CATA_HUMAN_UPS	17	True	1	REFUTED	1	1	1	0	"{""deleted_indices"": [0], ""topk"": [""P02787ups|TRFE_HUMAN_UPS;CON__Q2HJF0"", ""P00918ups|CAH2_HUMAN_UPS"", ""P10636-8ups|TAU_HUMAN_UPS"", ""P01127ups|PDGFB_HUMAN_UPS"", ""sp|P53043|PPT1_YEAST"", ""sp|P11938|RAP1_YEAST"", ""P08311ups|CATG_HUMAN_UPS"", ""P61769ups|B2MG_HUMAN_UPS"", ""sp|P14120|RL30_YEAST"", ""P06732ups|KCRM_HUMAN_UPS"", ""sp|P38203|LSM2_YEAST"", ""P62937ups|PPIA_HUMAN_UPS"", ""sp|P49367|LYS4_YEAST"", ""sp|P53335|PXR1_YEAST"", ""sp|P38174|MAP2_YEAST"", ""Q06830ups|PRDX1_HUMAN_UPS"", ""P02753ups|RETBP_HUMAN_UPS"", ""P63165ups|SUMO1_HUMAN_UPS"", ""P63279ups|UBC9_HUMAN_UPS"", ""P02144ups|MYG_HUMAN_UPS""], ""effect_sign"": 1, ""deleted_units"": [""A7""]}"	CERTIFIED	3			2	null
P02753ups|RETBP_HUMAN_UPS	18	True	1	REFUTED	1	1	1	0	"{""deleted_indices"": [1], ""topk"": [""P10636-8ups|TAU_HUMAN_UPS"", ""P99999ups|CYC_HUMAN_UPS;CON__P62894"", ""P08311ups|CATG_HUMAN_UPS"", ""P01127ups|PDGFB_HUMAN_UPS"", ""P02144ups|MYG_HUMAN_UPS"", ""P00918ups|CAH2_HUMAN_UPS"", ""sp|Q3E834|YOS1_YEAST"", ""sp|P53326|YG5L_YEAST"", ""P04040ups|CATA_HUMAN_UPS"", ""P63279ups|UBC9_HUMAN_UPS"", ""sp|P38281|APD1_YEAST"", ""sp|P53335|PXR1_YEAST"", ""sp|P14120|RL30_YEAST"", ""P08263ups|GSTA1_HUMAN_UPS"", ""sp|P38203|LSM2_YEAST"", ""P02787ups|TRFE_HUMAN_UPS;CON__Q2HJF0"", ""sp|P32614|FRDS_YEAST"", ""P63165ups|SUMO1_HUMAN_UPS"", ""P10145ups|IL8_HUMAN_UPS"", ""sp|P53742|NOG2_YEAST""], ""effect_sign"": 1, ""deleted_units"": [""A8""]}"	CERTIFIED	3			2	null
Q06830ups|PRDX1_HUMAN_UPS	19	True	1	REFUTED	1	1	1	0	"{""deleted_indices"": [1], ""topk"": [""P10636-8ups|TAU_HUMAN_UPS"", ""P99999ups|CYC_HUMAN_UPS;CON__P62894"", ""P08311ups|CATG_HUMAN_UPS"", ""P01127ups|PDGFB_HUMAN_UPS"", ""P02144ups|MYG_HUMAN_UPS"", ""P00918ups|CAH2_HUMAN_UPS"", ""sp|Q3E834|YOS1_YEAST"", ""sp|P53326|YG5L_YEAST"", ""P04040ups|CATA_HUMAN_UPS"", ""P63279ups|UBC9_HUMAN_UPS"", ""sp|P38281|APD1_YEAST"", ""sp|P53335|PXR1_YEAST"", ""sp|P14120|RL30_YEAST"", ""P08263ups|GSTA1_HUMAN_UPS"", ""sp|P38203|LSM2_YEAST"", ""P02787ups|TRFE_HUMAN_UPS;CON__Q2HJF0"", ""sp|P32614|FRDS_YEAST"", ""P63165ups|SUMO1_HUMAN_UPS"", ""P10145ups|IL8_HUMAN_UPS"", ""sp|P53742|NOG2_YEAST""], ""effect_sign"": 1, ""deleted_units"": [""A8""]}"	CERTIFIED	3			2	null
P06732ups|KCRM_HUMAN_UPS	20	True	1	REFUTED	1	1	1	0	"{""deleted_indices"": [1], ""topk"": [""P10636-8ups|TAU_HUMAN_UPS"", ""P99999ups|CYC_HUMAN_UPS;CON__P62894"", ""P08311ups|CATG_HUMAN_UPS"", ""P01127ups|PDGFB_HUMAN_UPS"", ""P02144ups|MYG_HUMAN_UPS"", ""P00918ups|CAH2_HUMAN_UPS"", ""sp|Q3E834|YOS1_YEAST"", ""sp|P53326|YG5L_YEAST"", ""P04040ups|CATA_HUMAN_UPS"", ""P63279ups|UBC9_HUMAN_UPS"", ""sp|P38281|APD1_YEAST"", ""sp|P53335|PXR1_YEAST"", ""sp|P14120|RL30_YEAST"", ""P08263ups|GSTA1_HUMAN_UPS"", ""sp|P38203|LSM2_YEAST"", ""P02787ups|TRFE_HUMAN_UPS;CON__Q2HJF0"", ""sp|P32614|FRDS_YEAST"", ""P63165ups|SUMO1_HUMAN_UPS"", ""P10145ups|IL8_HUMAN_UPS"", ""sp|P53742|NOG2_YEAST""], ""effect_sign"": 1, ""deleted_units"": [""A8""]}"	CERTIFIED	3			2	null
