"feature_id"	"mouse_1"	"mouse_2"	"mouse_3"	"mouse_4"	"mouse_5"	"mouse_6"	"mouse_7"	"mouse_8"	"mouse_9"	"mouse_10"	"mouse_11"	"mouse_12"	"mouse_13"	"mouse_14"	"mouse_15"	"mouse_16"	"mouse_17"	"mouse_18"	"mouse_19"	"mouse_20"	"mouse_21"	"mouse_22"	"mouse_23"	"mouse_24"	"mouse_25"	"mouse_26"	"mouse_27"	"mouse_28"	"mouse_29"	"mouse_30"	"mouse_31"	"mouse_32"	"mouse_33"	"mouse_34"	"mouse_35"	"mouse_36"	"mouse_37"	"mouse_38"	"mouse_39"	"mouse_40"
"C14.0"	"0x1.5c28f5c28f5c3p-2"	"0x1.851eb851eb852p-2"	"0x1.70a3d70a3d70ap-2"	"0x1.c28f5c28f5c29p-3"	"0x1.7ae147ae147aep-2"	"0x1.b333333333333p+0"	"0x1.6666666666666p-2"	"0x1.5c28f5c28f5c3p-2"	"0x1.c28f5c28f5c29p-3"	"0x1.6147ae147ae14p+0"	"0x1.0a3d70a3d70a4p-2"	"0x1.c28f5c28f5c29p-2"	"0x1.47ae147ae147bp-2"	"0x1.5c28f5c28f5c3p-2"	"0x1.6666666666666p-2"	"0x1.eb851eb851eb8p-3"	"0x1.35c28f5c28f5cp+0"	"0x1.3333333333333p-2"	"0x1.4cccccccccccdp+0"	"0x1.851eb851eb852p-2"	"0x1.9eb851eb851ecp+1"	"0x1.3333333333333p-1"	"0x1.851eb851eb852p-2"	"0x1.c28f5c28f5c29p-2"	"0x1.e147ae147ae14p-2"	"0x1.47ae147ae147bp-1"	"0x1.0a3d70a3d70a4p-1"	"0x1.f5c28f5c28f5cp-2"	"0x1.999999999999ap-2"	"0x1.3851eb851eb85p-1"	"0x1.9851eb851eb85p+1"	"0x1.2147ae147ae14p+1"	"0x1.3333333333333p-1"	"0x1.147ae147ae148p-1"	"0x1.8f5c28f5c28f6p-2"	"0x1.75c28f5c28f5cp+1"	"0x1.428f5c28f5c29p-1"	"0x1.70a3d70a3d70ap-2"	"0x1.47ae147ae147bp-1"	"0x1.999999999999ap-2"
"C16.0"	"0x1.a733333333333p+4"	"0x1.80a3d70a3d70ap+4"	"0x1.7b33333333333p+4"	"0x1.97ae147ae147bp+4"	"0x1.8cccccccccccdp+4"	"0x1.a0a3d70a3d70ap+4"	"0x1.9f0a3d70a3d71p+4"	"0x1.ca147ae147ae1p+4"	"0x1.9570a3d70a3d7p+4"	"0x1.c7d70a3d70a3dp+4"	"0x1.9bae147ae147bp+4"	"0x1.847ae147ae148p+4"	"0x1.8a147ae147ae1p+4"	"0x1.a0a3d70a3d70ap+4"	"0x1.8c28f5c28f5c3p+4"	"0x1.a75c28f5c28f6p+4"	"0x1.7733333333333p+4"	"0x1.db851eb851eb8p+4"	"0x1.bp+4"	"0x1.8170a3d70a3d7p+4"	"0x1.7970a3d70a3d7p+4"	"0x1.3f33333333333p+4"	"0x1.1a3d70a3d70a4p+4"	"0x1.6bae147ae147bp+4"	"0x1.d4ccccccccccdp+3"	"0x1.47d70a3d70a3dp+4"	"0x1.270a3d70a3d71p+4"	"0x1.1b851eb851eb8p+4"	"0x1.5b33333333333p+4"	"0x1.04p+4"	"0x1.6e8f5c28f5c29p+4"	"0x1.7451eb851eb85p+4"	"0x1.44p+4"	"0x1.42e147ae147aep+4"	"0x1.4b5c28f5c28f6p+4"	"0x1.5ca3d70a3d70ap+4"	"0x1.591eb851eb852p+4"	"0x1.93ae147ae147bp+4"	"0x1.0333333333333p+4"	"0x1.4b33333333333p+4"
"C18.0"	"0x1.470a3d70a3d71p+3"	"0x1.3dc28f5c28f5cp+3"	"0x1.1eb851eb851ecp+3"	"0x1.047ae147ae148p+3"	"0x1.3428f5c28f5c3p+3"	"0x1.a5c28f5c28f5cp+2"	"0x1.35c28f5c28f5cp+3"	"0x1.3e66666666666p+3"	"0x1.19eb851eb851fp+3"	"0x1.6851eb851eb85p+2"	"0x1.099999999999ap+3"	"0x1.1428f5c28f5c3p+3"	"0x1.3fae147ae147bp+3"	"0x1.39eb851eb851fp+3"	"0x1.2c28f5c28f5c3p+3"	"0x1.5f0a3d70a3d71p+3"	"0x1.65c28f5c28f5cp+2"	"0x1.1e66666666666p+3"	"0x1.6e147ae147ae1p+2"	"0x1.070a3d70a3d71p+3"	"0x1.570a3d70a3d71p+1"	"0x1.970a3d70a3d71p+1"	"0x1.bf5c28f5c28f6p+2"	"0x1.2d70a3d70a3d7p+2"	"0x1.128f5c28f5c29p+2"	"0x1.5ae147ae147aep+1"	"0x1.4d70a3d70a3d7p+2"	"0x1.8147ae147ae14p+2"	"0x1.87ae147ae147bp+2"	"0x1.2333333333333p+2"	"0x1.ccccccccccccdp+1"	"0x1.ae147ae147ae1p+0"	"0x1.8b851eb851eb8p+1"	"0x1.20a3d70a3d70ap+2"	"0x1.9a3d70a3d70a4p+2"	"0x1.c7ae147ae147bp+1"	"0x1.fc28f5c28f5c3p+1"	"0x1.4a8f5c28f5c29p+3"	"0x1.7147ae147ae14p+2"	"0x1.d99999999999ap+2"
"C16.1n.9"	"0x1.6666666666666p-2"	"0x1.199999999999ap-1"	"0x1.199999999999ap-1"	"0x1.f5c28f5c28f5cp-2"	"0x1.d70a3d70a3d71p-2"	"0x1.51eb851eb851fp-1"	"0x1.70a3d70a3d70ap-2"	"0x1.28f5c28f5c28fp-2"	"0x1.c28f5c28f5c29p-2"	"0x1.ccccccccccccdp-1"	"0x1.b851eb851eb85p-2"	"0x1.0f5c28f5c28f6p-1"	"0x1.ccccccccccccdp-2"	"0x1.6666666666666p-2"	"0x1.147ae147ae148p-1"	"0x1.3d70a3d70a3d7p-2"	"0x1.570a3d70a3d71p-1"	"0x1.ccccccccccccdp-2"	"0x1.9eb851eb851ecp-1"	"0x1.3333333333333p-1"	"0x1.1c28f5c28f5c3p+0"	"0x1.35c28f5c28f5cp+0"	"0x1.7ae147ae147aep-1"	"0x1.8p-1"	"0x1.51eb851eb851fp-1"	"0x1.170a3d70a3d71p+0"	"0x1.bd70a3d70a3d7p-1"	"0x1.28f5c28f5c28fp-1"	"0x1.8f5c28f5c28f6p-1"	"0x1.3851eb851eb85p-1"	"0x1.fae147ae147bp-1"	"0x1.8p+0"	"0x1.2e147ae147ae1p+0"	"0x1.6b851eb851eb8p-1"	"0x1.6b851eb851eb8p-1"	"0x1.3ae147ae147aep+0"	"0x1.a3d70a3d70a3dp-1"	"0x1.ccccccccccccdp-2"	"0x1.570a3d70a3d71p-1"	"0x1.428f5c28f5c29p-1"
"C16.1n.7"	"0x1.8cccccccccccdp+1"	"0x1.451eb851eb852p+1"	"0x1.5333333333333p+1"	"0x1.68f5c28f5c28fp+1"	"0x1.6cccccccccccdp+1"	"0x1.d0a3d70a3d70ap+2"	"0x1.ccccccccccccdp+1"	"0x1.a28f5c28f5c29p+1"	"0x1.2e147ae147ae1p+1"	"0x1.c0a3d70a3d70ap+2"	"0x1.5eb851eb851ecp+1"	"0x1.aa3d70a3d70a4p+1"	"0x1.31eb851eb851fp+1"	"0x1.2e147ae147ae1p+1"	"0x1.3c28f5c28f5c3p+1"	"0x1.67ae147ae147bp+1"	"0x1.93d70a3d70a3dp+2"	"0x1.6e147ae147ae1p+1"	"0x1.f70a3d70a3d71p+2"	"0x1.f1eb851eb851fp+1"	"0x1.a2e147ae147aep+3"	"0x1.38f5c28f5c28fp+2"	"0x1.4a3d70a3d70a4p+1"	"0x1.228f5c28f5c29p+1"	"0x1.70a3d70a3d70ap+1"	"0x1.0333333333333p+2"	"0x1.af5c28f5c28f6p+1"	"0x1.e28f5c28f5c29p+1"	"0x1.08f5c28f5c28fp+1"	"0x1.5ae147ae147aep+2"	"0x1.bcccccccccccdp+3"	"0x1.4c28f5c28f5c3p+3"	"0x1.d47ae147ae148p+1"	"0x1.c666666666666p+1"	"0x1.170a3d70a3d71p+1"	"0x1.551eb851eb852p+3"	"0x1.48f5c28f5c28fp+2"	"0x1.970a3d70a3d71p+0"	"0x1.0666666666666p+2"	"0x1.5c28f5c28f5c3p+1"
"C18.1n.9"	"0x1.0fae147ae147bp+4"	"0x1.411eb851eb852p+4"	"0x1.6e3d70a3d70a4p+4"	"0x1.5eb851eb851ecp+4"	"0x1.56147ae147ae1p+4"	"0x1.c3ae147ae147bp+4"	"0x1.19eb851eb851fp+4"	"0x1.1051eb851eb85p+4"	"0x1.263d70a3d70a4p+4"	"0x1.2570a3d70a3d7p+5"	"0x1.5cp+4"	"0x1.7dc28f5c28f5cp+4"	"0x1.1ee147ae147aep+4"	"0x1.423d70a3d70a4p+4"	"0x1.3a8f5c28f5c29p+4"	"0x1.d6147ae147ae1p+3"	"0x1.0eb851eb851ecp+5"	"0x1.1ca3d70a3d70ap+4"	"0x1.0cp+5"	"0x1.89c28f5c28f5cp+4"	"0x1.1ce147ae147aep+5"	"0x1.1f47ae147ae14p+5"	"0x1.53ae147ae147bp+4"	"0x1.919999999999ap+4"	"0x1.7266666666666p+4"	"0x1.328f5c28f5c29p+5"	"0x1.0051eb851eb85p+5"	"0x1.50a3d70a3d70ap+4"	"0x1.67d70a3d70a3dp+4"	"0x1.56e147ae147aep+4"	"0x1.0c66666666666p+5"	"0x1.49d70a3d70a3dp+5"	"0x1.24b851eb851ecp+5"	"0x1.8d1eb851eb852p+4"	"0x1.8170a3d70a3d7p+4"	"0x1.3228f5c28f5c3p+5"	"0x1.987ae147ae148p+4"	"0x1.07d70a3d70a3dp+4"	"0x1.91eb851eb851fp+4"	"0x1.3f851eb851eb8p+4"
"C18.1n.7"	"0x1.347ae147ae148p+1"	"0x1.f5c28f5c28f5cp+1"	"0x1.fae147ae147aep+1"	"0x1.428f5c28f5c29p+1"	"0x1.7ae147ae147aep+1"	"0x1.1fae147ae147bp+3"	"0x1.1333333333333p+1"	"0x1.fd70a3d70a3d7p+0"	"0x1.cf5c28f5c28f6p+0"	"0x1.1b33333333333p+3"	"0x1.51eb851eb851fp+1"	"0x1.828f5c28f5c29p+1"	"0x1.beb851eb851ecp+1"	"0x1.2a3d70a3d70a4p+1"	"0x1.0147ae147ae14p+2"	"0x1.e147ae147ae14p+0"	"0x1.11eb851eb851fp+3"	"0x1.0147ae147ae14p+1"	"0x1.3c28f5c28f5c3p+3"	"0x1.f1eb851eb851fp+1"	"0x1.6d1eb851eb852p+3"	"0x1.251eb851eb852p+2"	"0x1.6cccccccccccdp+1"	"0x1.e8f5c28f5c28fp+0"	"0x1.6cccccccccccdp+1"	"0x1.447ae147ae148p+2"	"0x1.e147ae147ae14p+1"	"0x1.c51eb851eb852p+0"	"0x1.d1eb851eb851fp+0"	"0x1.1c28f5c28f5c3p+1"	"0x1.547ae147ae148p+3"	"0x1.e0f5c28f5c28fp+3"	"0x1.3p+2"	"0x1.e28f5c28f5c29p+1"	"0x1.d47ae147ae148p+0"	"0x1.719999999999ap+3"	"0x1.970a3d70a3d71p+1"	"0x1.87ae147ae147bp+0"	"0x1.0e147ae147ae1p+1"	"0x1.90a3d70a3d70ap+1"
"C20.1n.9"	"0x1.0a3d70a3d70a4p-2"	"0x1.d70a3d70a3d71p-3"	"0x1.0a3d70a3d70a4p-2"	"0x0p+0"	"0x1.3333333333333p-2"	"0x1.70a3d70a3d70ap-2"	"0x1p-2"	"0x1.3d70a3d70a3d7p-2"	"0x0p+0"	"0x1.ae147ae147ae1p-3"	"0x0p+0"	"0x1.0a3d70a3d70a4p-2"	"0x1.147ae147ae148p-2"	"0x1.0a3d70a3d70a4p-2"	"0x1.c28f5c28f5c29p-3"	"0x1.3d70a3d70a3d7p-2"	"0x1.e147ae147ae14p-2"	"0x0p+0"	"0x0p+0"	"0x1.147ae147ae148p-2"	"0x1.7ae147ae147aep-2"	"0x1.3333333333333p-2"	"0x1.0a3d70a3d70a4p-2"	"0x1.851eb851eb852p-2"	"0x1.ccccccccccccdp-2"	"0x1.0a3d70a3d70a4p-2"	"0x1.ae147ae147ae1p-2"	"0x1.4cccccccccccdp-1"	"0x1.c28f5c28f5c29p-2"	"0x1p-2"	"0x1.3333333333333p-2"	"0x1.999999999999ap-3"	"0x1.70a3d70a3d70ap-2"	"0x1.8f5c28f5c28f6p-2"	"0x1.999999999999ap-2"	"0x1.851eb851eb852p-2"	"0x1.51eb851eb851fp-2"	"0x1.7ae147ae147aep-2"	"0x1.ae147ae147ae1p-3"	"0x1.999999999999ap-2"
"C20.3n.9"	"0x0p+0"	"0x0p+0"	"0x1.851eb851eb852p-3"	"0x0p+0"	"0x1.147ae147ae148p-2"	"0x1.71eb851eb851fp+1"	"0x0p+0"	"0x0p+0"	"0x0p+0"	"0x1.03d70a3d70a3dp+1"	"0x0p+0"	"0x1.999999999999ap-3"	"0x1.ae147ae147ae1p-3"	"0x1.c28f5c28f5c29p-3"	"0x1.851eb851eb852p-3"	"0x0p+0"	"0x1.451eb851eb852p+1"	"0x0p+0"	"0x1.10a3d70a3d70ap+1"	"0x1.147ae147ae148p-2"	"0x1.c28f5c28f5c29p-3"	"0x1.1eb851eb851ecp-4"	"0x0p+0"	"0x0p+0"	"0x1.1eb851eb851ecp-4"	"0x1.1eb851eb851ecp-4"	"0x0p+0"	"0x0p+0"	"0x0p+0"	"0x0p+0"	"0x1.1eb851eb851ecp-4"	"0x1.d70a3d70a3d71p-3"	"0x1.1eb851eb851ecp-4"	"0x0p+0"	"0x0p+0"	"0x1.51eb851eb851fp-2"	"0x0p+0"	"0x0p+0"	"0x0p+0"	"0x0p+0"
"C18.2n.6"	"0x1.1dc28f5c28f5cp+3"	"0x1.df5c28f5c28f6p+3"	"0x1.00f5c28f5c28fp+4"	"0x1.bc7ae147ae148p+3"	"0x1.d19999999999ap+3"	"0x1.bc28f5c28f5c3p+1"	"0x1.175c28f5c28f6p+3"	"0x1.fp+2"	"0x1.f4ccccccccccdp+3"	"0x1.27ae147ae147bp+1"	"0x1.947ae147ae148p+3"	"0x1.e0a3d70a3d70ap+3"	"0x1.f7ae147ae147bp+3"	"0x1.f0f5c28f5c28fp+3"	"0x1.f4ccccccccccdp+3"	"0x1.2c28f5c28f5c3p+3"	"0x1.628f5c28f5c29p+1"	"0x1.7c7ae147ae148p+3"	"0x1.c7ae147ae147bp+1"	"0x1.b147ae147ae14p+3"	"0x1.699999999999ap+2"	"0x1.519999999999ap+4"	"0x1.091eb851eb852p+5"	"0x1.6a66666666666p+4"	"0x1.4028f5c28f5c3p+5"	"0x1.5851eb851eb85p+4"	"0x1.7ee147ae147aep+4"	"0x1.bae147ae147aep+3"	"0x1.60ccccccccccdp+4"	"0x1.d8p+3"	"0x1.5cccccccccccdp+2"	"0x1.651eb851eb852p+1"	"0x1.6ee147ae147aep+4"	"0x1.f4f5c28f5c28fp+4"	"0x1.7170a3d70a3d7p+4"	"0x1.6666666666666p+2"	"0x1.9333333333333p+3"	"0x1.24p+4"	"0x1.50f5c28f5c28fp+4"	"0x1.b547ae147ae14p+4"
"C18.3n.6"	"0x0p+0"	"0x1.3333333333333p-2"	"0x1.147ae147ae148p-2"	"0x0p+0"	"0x1.147ae147ae148p-2"	"0x1.547ae147ae148p+1"	"0x0p+0"	"0x0p+0"	"0x0p+0"	"0x0p+0"	"0x0p+0"	"0x1.d70a3d70a3d71p-3"	"0x1.1eb851eb851ecp-2"	"0x1.3333333333333p-2"	"0x1.e147ae147ae14p-2"	"0x0p+0"	"0x1.447ae147ae148p+2"	"0x0p+0"	"0x0p+0"	"0x1.eb851eb851eb8p-3"	"0x1.5c28f5c28f5c3p-3"	"0x1.a3d70a3d70a3dp-2"	"0x1.51eb851eb851fp-1"	"0x0p+0"	"0x1.b333333333333p-1"	"0x1.1eb851eb851ecp-2"	"0x1.47ae147ae147bp-2"	"0x1.70a3d70a3d70ap-4"	"0x0p+0"	"0x1.eb851eb851eb8p-4"	"0x1.70a3d70a3d70ap-3"	"0x1.1eb851eb851ecp-3"	"0x1.3d70a3d70a3d7p-2"	"0x1.d70a3d70a3d71p-2"	"0x0p+0"	"0x1.70a3d70a3d70ap-3"	"0x1.47ae147ae147bp-4"	"0x0p+0"	"0x1.ae147ae147ae1p-3"	"0x1.b851eb851eb85p-2"
"C20.2n.6"	"0x0p+0"	"0x1.3333333333333p-2"	"0x1.51eb851eb851fp-2"	"0x0p+0"	"0x1.d70a3d70a3d71p-3"	"0x0p+0"	"0x0p+0"	"0x0p+0"	"0x0p+0"	"0x0p+0"	"0x0p+0"	"0x1.ae147ae147ae1p-3"	"0x1.70a3d70a3d70ap-2"	"0x1.851eb851eb852p-3"	"0x1.6666666666666p-2"	"0x0p+0"	"0x0p+0"	"0x0p+0"	"0x0p+0"	"0x1.d70a3d70a3d71p-3"	"0x1.999999999999ap-5"	"0x1.3d70a3d70a3d7p-2"	"0x1.3851eb851eb85p-1"	"0x1.147ae147ae148p-2"	"0x1.a8f5c28f5c28fp-1"	"0x1.47ae147ae147bp-2"	"0x1.70a3d70a3d70ap-4"	"0x1.eb851eb851eb8p-4"	"0x1.eb851eb851eb8p-3"	"0x1.999999999999ap-4"	"0x0p+0"	"0x0p+0"	"0x1.51eb851eb851fp-2"	"0x1.147ae147ae148p-1"	"0x1.eb851eb851eb8p-3"	"0x1.1eb851eb851ecp-4"	"0x1.c28f5c28f5c29p-4"	"0x1.0a3d70a3d70a4p-2"	"0x1.0a3d70a3d70a4p-3"	"0x1.2e147ae147ae1p-1"
"C20.3n.6"	"0x1.8f5c28f5c28f6p-1"	"0x1.a3d70a3d70a3dp+0"	"0x1.828f5c28f5c29p+0"	"0x1.199999999999ap+0"	"0x1.947ae147ae148p+0"	"0x1.9eb851eb851ecp-1"	"0x1.5c28f5c28f5c3p-1"	"0x1.70a3d70a3d70ap-1"	"0x1.11eb851eb851fp+0"	"0x1.2e147ae147ae1p-1"	"0x1.0cccccccccccdp+0"	"0x1.51eb851eb851fp+0"	"0x1.a3d70a3d70a3dp+0"	"0x1.5eb851eb851ecp+0"	"0x1.999999999999ap+0"	"0x1.8f5c28f5c28f6p-1"	"0x1.570a3d70a3d71p-1"	"0x1p+0"	"0x1.a3d70a3d70a3dp-1"	"0x1.70a3d70a3d70ap+0"	"0x1.999999999999ap-3"	"0x1.0f5c28f5c28f6p-1"	"0x1.7ae147ae147aep-1"	"0x1.851eb851eb852p-2"	"0x1.0a3d70a3d70a4p+0"	"0x1.6666666666666p-2"	"0x1.47ae147ae147bp-1"	"0x1.c28f5c28f5c29p-3"	"0x1.e147ae147ae14p-2"	"0x1.c28f5c28f5c29p-3"	"0x1.999999999999ap-2"	"0x1.c28f5c28f5c29p-4"	"0x1.a3d70a3d70a3dp-2"	"0x1.75c28f5c28f5cp-1"	"0x1.999999999999ap-2"	"0x1.0a3d70a3d70a4p-2"	"0x1.5c28f5c28f5c3p-3"	"0x1.23d70a3d70a3dp-1"	"0x1.1eb851eb851ecp-3"	"0x1.c7ae147ae147bp-1"
"C20.4n.6"	"0x1.88f5c28f5c28fp+1"	"0x1.eae147ae147aep+3"	"0x1.a8a3d70a3d70ap+3"	"0x1.f5c28f5c28f5cp+1"	"0x1.7b33333333333p+3"	"0x1.45c28f5c28f5cp+2"	"0x1.48f5c28f5c28fp+1"	"0x1.51eb851eb851fp+1"	"0x1.0eb851eb851ecp+2"	"0x1.d5c28f5c28f5cp+1"	"0x1.ep+1"	"0x1.499999999999ap+3"	"0x1.f851eb851eb85p+3"	"0x1.7851eb851eb85p+3"	"0x1.e23d70a3d70a4p+3"	"0x1.8f5c28f5c28f6p+1"	"0x1.ef5c28f5c28f6p+1"	"0x1.ea3d70a3d70a4p+1"	"0x1.3d70a3d70a3d7p+2"	"0x1.5333333333333p+3"	"0x1.8cccccccccccdp+0"	"0x1.7d70a3d70a3d7p+1"	"0x1.1570a3d70a3d7p+3"	"0x1.451eb851eb852p+0"	"0x1.2e147ae147ae1p+2"	"0x1.d99999999999ap+0"	"0x1.30a3d70a3d70ap+2"	"0x1.63d70a3d70a3dp+0"	"0x1.deb851eb851ecp+0"	"0x1.851eb851eb852p+0"	"0x1.7c28f5c28f5c3p+1"	"0x1.8p-1"	"0x1p+1"	"0x1.5e147ae147ae1p+2"	"0x1.e666666666666p+0"	"0x1.d47ae147ae148p+0"	"0x1.eb851eb851eb8p-1"	"0x1.828f5c28f5c29p+1"	"0x1.d70a3d70a3d71p+0"	"0x1.65c28f5c28f5cp+3"
"C22.4n.6"	"0x0p+0"	"0x1.28f5c28f5c28fp-1"	"0x1.147ae147ae148p-1"	"0x0p+0"	"0x1.47ae147ae147bp-2"	"0x0p+0"	"0x0p+0"	"0x0p+0"	"0x0p+0"	"0x0p+0"	"0x0p+0"	"0x1.147ae147ae148p-2"	"0x1.70a3d70a3d70ap-1"	"0x1.3d70a3d70a3d7p-2"	"0x1.51eb851eb851fp-1"	"0x0p+0"	"0x0p+0"	"0x0p+0"	"0x0p+0"	"0x1.3d70a3d70a3d7p-2"	"0x0p+0"	"0x1.70a3d70a3d70ap-3"	"0x1.4cccccccccccdp-1"	"0x0p+0"	"0x1.75c28f5c28f5cp-1"	"0x1.1eb851eb851ecp-3"	"0x1.0a3d70a3d70a4p-2"	"0x1.c28f5c28f5c29p-4"	"0x0p+0"	"0x0p+0"	"0x1.1eb851eb851ecp-4"	"0x0p+0"	"0x1.5c28f5c28f5c3p-3"	"0x1.3333333333333p-1"	"0x0p+0"	"0x1.999999999999ap-5"	"0x1.eb851eb851eb8p-5"	"0x0p+0"	"0x0p+0"	"0x1.428f5c28f5c29p-1"
"C22.5n.6"	"0x0p+0"	"0x1.0cccccccccccdp+1"	"0x1.c51eb851eb852p+0"	"0x0p+0"	"0x1.c28f5c28f5c29p-2"	"0x1.1eb851eb851ecp-1"	"0x0p+0"	"0x0p+0"	"0x0p+0"	"0x1.8f5c28f5c28f6p-2"	"0x0p+0"	"0x1.28f5c28f5c28fp-2"	"0x1.428f5c28f5c29p+1"	"0x1.ccccccccccccdp-2"	"0x1.e3d70a3d70a3dp+0"	"0x0p+0"	"0x1.b851eb851eb85p-2"	"0x0p+0"	"0x0p+0"	"0x1.70a3d70a3d70ap-2"	"0x1.5c28f5c28f5c3p-3"	"0x1.47ae147ae147bp-4"	"0x1.f5c28f5c28f5cp-1"	"0x1.ae147ae147ae1p-3"	"0x1.2147ae147ae14p+0"	"0x1.1eb851eb851ecp-4"	"0x1.851eb851eb852p-3"	"0x0p+0"	"0x1.851eb851eb852p-3"	"0x0p+0"	"0x1.851eb851eb852p-2"	"0x1.1eb851eb851ecp-4"	"0x1.1eb851eb851ecp-4"	"0x1.e666666666666p-1"	"0x0p+0"	"0x1.5c28f5c28f5c3p-3"	"0x0p+0"	"0x0p+0"	"0x0p+0"	"0x1.9eb851eb851ecp+0"
"C18.3n.3"	"0x1.7e147ae147ae1p+2"	"0x0p+0"	"0x0p+0"	"0x1.f5c28f5c28f5cp-2"	"0x1.ae147ae147ae1p-2"	"0x0p+0"	"0x1.0cccccccccccdp+3"	"0x1.80a3d70a3d70ap+2"	"0x1.199999999999ap-1"	"0x0p+0"	"0x1.b851eb851eb85p-2"	"0x1.0f5c28f5c28f6p-1"	"0x0p+0"	"0x1.147ae147ae148p-1"	"0x0p+0"	"0x1.8e147ae147ae1p+2"	"0x0p+0"	"0x0p+0"	"0x0p+0"	"0x1.b851eb851eb85p-2"	"0x1.70a3d70a3d70ap-4"	"0x1p+0"	"0x1.999999999999ap-4"	"0x1.28f5c28f5c28fp+0"	"0x1.1eb851eb851ecp-3"	"0x1.2b851eb851eb8p+0"	"0x1.28f5c28f5c28fp+0"	"0x1.58p+4"	"0x1.4f5c28f5c28f6p+0"	"0x1.59eb851eb851fp+4"	"0x1.1eb851eb851ecp-4"	"0x0p+0"	"0x1.4f5c28f5c28f6p+0"	"0x1.5c28f5c28f5c3p-3"	"0x1.7333333333333p+0"	"0x1.1eb851eb851ecp-4"	"0x1.21c28f5c28f5cp+4"	"0x1.6b851eb851eb8p-1"	"0x1.cc7ae147ae148p+3"	"0x0p+0"
"C20.3n.3"	"0x1.7ae147ae147aep-2"	"0x0p+0"	"0x0p+0"	"0x0p+0"	"0x0p+0"	"0x0p+0"	"0x1.ae147ae147ae1p-2"	"0x1.8f5c28f5c28f6p-2"	"0x0p+0"	"0x0p+0"	"0x0p+0"	"0x0p+0"	"0x0p+0"	"0x0p+0"	"0x0p+0"	"0x1.7ae147ae147aep-2"	"0x0p+0"	"0x0p+0"	"0x0p+0"	"0x0p+0"	"0x0p+0"	"0x1.1eb851eb851ecp-4"	"0x0p+0"	"0x0p+0"	"0x0p+0"	"0x1.1eb851eb851ecp-4"	"0x0p+0"	"0x1.47ae147ae147bp-1"	"0x0p+0"	"0x1.eb851eb851eb8p-2"	"0x0p+0"	"0x0p+0"	"0x1.1eb851eb851ecp-4"	"0x0p+0"	"0x0p+0"	"0x0p+0"	"0x1.0a3d70a3d70a4p-1"	"0x0p+0"	"0x1.eb851eb851eb8p-3"	"0x0p+0"
"C20.5n.3"	"0x1.13d70a3d70a3dp+3"	"0x0p+0"	"0x0p+0"	"0x1.7eb851eb851ecp+1"	"0x1.3333333333333p-2"	"0x0p+0"	"0x1.d7ae147ae147bp+2"	"0x1.fd70a3d70a3d7p+2"	"0x1.90a3d70a3d70ap+1"	"0x0p+0"	"0x1.7333333333333p+1"	"0x1p-2"	"0x0p+0"	"0x1.d70a3d70a3d71p-3"	"0x0p+0"	"0x1.2f5c28f5c28f6p+3"	"0x0p+0"	"0x1.651eb851eb852p+1"	"0x0p+0"	"0x1.6666666666666p-2"	"0x1.3333333333333p-3"	"0x1p-2"	"0x1.70a3d70a3d70ap-4"	"0x1.15c28f5c28f5cp+1"	"0x1.1eb851eb851ecp-4"	"0x1.47ae147ae147bp-3"	"0x1.3333333333333p-2"	"0x1.0666666666666p+2"	"0x1.5333333333333p+1"	"0x1.ee147ae147ae1p+1"	"0x1.70a3d70a3d70ap-3"	"0x1.1eb851eb851ecp-4"	"0x1.999999999999ap-3"	"0x0p+0"	"0x1.68f5c28f5c28fp+1"	"0x1.0a3d70a3d70a4p-3"	"0x1.547ae147ae148p+1"	"0x1.747ae147ae148p+1"	"0x1.27ae147ae147bp+1"	"0x1.0a3d70a3d70a4p-3"
"C22.5n.3"	"0x1.cp+0"	"0x1.eb851eb851eb8p-2"	"0x1.c28f5c28f5c29p-3"	"0x1.0a3d70a3d70a4p+0"	"0x1.6666666666666p-2"	"0x1.10a3d70a3d70ap+1"	"0x1.0666666666666p+1"	"0x1.2a3d70a3d70a4p+1"	"0x1.a666666666666p+0"	"0x0p+0"	"0x1.28f5c28f5c28fp+0"	"0x1.b851eb851eb85p-2"	"0x0p+0"	"0x1.ccccccccccccdp-2"	"0x0p+0"	"0x1.0147ae147ae14p+1"	"0x1.4a3d70a3d70a4p+1"	"0x1.147ae147ae148p+0"	"0x0p+0"	"0x1.3d70a3d70a3d7p-2"	"0x0p+0"	"0x1.eb851eb851eb8p-3"	"0x0p+0"	"0x1.051eb851eb852p+1"	"0x1.eb851eb851eb8p-5"	"0x1.3333333333333p-3"	"0x1.1eb851eb851ecp-2"	"0x1.f0a3d70a3d70ap+0"	"0x1.147ae147ae148p+1"	"0x1.8cccccccccccdp+0"	"0x0p+0"	"0x0p+0"	"0x1.d70a3d70a3d71p-3"	"0x1.ae147ae147ae1p-3"	"0x1.ccccccccccccdp+0"	"0x1.3333333333333p-2"	"0x1.451eb851eb852p+0"	"0x1.a3d70a3d70a3dp+0"	"0x1.f5c28f5c28f5cp-1"	"0x0p+0"
"C22.6n.3"	"0x1.4c7ae147ae148p+3"	"0x1.4e147ae147ae1p+1"	"0x1.4147ae147ae14p+1"	"0x1.dfae147ae147bp+3"	"0x1.ac28f5c28f5c3p+2"	"0x1.47ae147ae147bp+1"	"0x1.3ae147ae147afp+3"	"0x1.4cccccccccccdp+3"	"0x1.05c28f5c28f5cp+4"	"0x1.dc28f5c28f5c3p+0"	"0x1.035c28f5c28f6p+4"	"0x1.a70a3d70a3d71p+2"	"0x1.a28f5c28f5c29p+1"	"0x1.c28f5c28f5c29p+2"	"0x1.5ae147ae147aep+1"	"0x1.5eb851eb851ecp+3"	"0x1.fd70a3d70a3d7p+0"	"0x1.159999999999ap+4"	"0x1.3851eb851eb85p+1"	"0x1.7e147ae147ae1p+2"	"0x1.47ae147ae147bp-1"	"0x1.147ae147ae148p+1"	"0x1.b333333333333p+0"	"0x1.71eb851eb851fp+3"	"0x1.d1eb851eb851fp-1"	"0x1.3851eb851eb85p+0"	"0x1.b851eb851eb85p+1"	"0x1.0147ae147ae14p+2"	"0x1.a851eb851eb85p+3"	"0x1.1cccccccccccdp+2"	"0x1.28f5c28f5c28fp+0"	"0x1.1eb851eb851ecp-2"	"0x1.68f5c28f5c28fp+0"	"0x1.1c28f5c28f5c3p+0"	"0x1.723d70a3d70a4p+3"	"0x1.47ae147ae147bp-1"	"0x1.251eb851eb852p+1"	"0x1.047ae147ae148p+4"	"0x1.ef5c28f5c28f6p+1"	"0x1.d47ae147ae148p+0"
