"feature_id"	"score"	"raw_statistic"	"effect"	"pvalue"	"padj"
"C14.0"	4.27127036992567	4.27127036992567	0.395	0.000149292102971083	0.000313513416239274
"C16.0"	-8.9401238112604	-8.9401238112604	-5.55794117647059	2.00591294634024e-10	1.40413906243817e-09
"C18.0"	-9.03286687723611	-9.03286687723611	-3.82816176470588	1.56433220542727e-10	1.40413906243817e-09
"C16.1n.9"	7.7400477031743	7.7400477031743	0.358014705882353	5.51801688087273e-09	2.31756708996655e-08
"C16.1n.7"	3.40393238517949	3.40393238517949	1.22264705882353	0.00172666607435337	0.00302166563011841
"C18.1n.9"	5.40213382735342	5.40213382735342	5.7885294117647	5.25523795553458e-06	1.22675194061636e-05
"C18.1n.7"	2.0866382669889	2.0866382669889	0.698455882352942	0.0445409048194368	0.0550211177181278
"C20.1n.9"	3.6018699284227	3.6018699284227	0.143308823529412	0.00100274091020741	0.00191432355585051
"C20.3n.9"	-3.1094322848617	-3.1094322848617	-0.451397058823529	0.00379246120531008	0.00568869180796512
"C18.2n.6"	7.59667320908218	7.59667320908218	8.49661764705882	8.29336842771554e-09	2.90267894970044e-08
"C18.3n.6"	-0.813171033445815	-0.813171033445815	-0.215882352941176	0.421813924018978	0.442904620219927
"C20.2n.6"	5.40198924026763	5.40198924026763	0.152867647058823	5.25750831692726e-06	1.22675194061636e-05
"C20.3n.6"	-15.6367020967557	-15.6367020967557	-0.667941176470588	4.91105065620295e-17	1.03132063780262e-15
"C20.4n.6"	-6.99070830960023	-6.99070830960023	-4.34485294117647	4.75299418037632e-08	1.4258982541129e-07
"C22.4n.6"	-0.111791774190999	-0.111791774190999	-0.00220588235294122	0.911650069784741	0.911650069784741
"C22.5n.6"	-3.02776919742608	-3.02776919742608	-0.247279411764706	0.00469276009676602	0.00656986413547243
"C18.3n.3"	3.18787998019688	3.18787998019688	2.85507352941176	0.0030838889801043	0.00498166681401464
"C20.3n.3"	1.31920589672597	1.31920589672597	0.0277941176470588	0.195971819400686	0.224178126194033
"C20.5n.3"	-2.90961995233631	-2.90961995233631	-1.09404411764706	0.00635875786044196	0.00834586969183007
"C22.5n.3"	-1.29874067196147	-1.29874067196147	-0.229264705882353	0.202827828461268	0.224178126194033
"C22.6n.3"	-7.8434695629622	-7.8434695629622	-3.50198529411765	4.11876468898299e-09	2.16235146171607e-08
