"scenario_id"	"status"	"detail"	"warnings"
"baseline"	"OK"	"Full fixed-universe ranking fitted"	""
"delete_1"	"OK"	"Full fixed-universe ranking fitted"	""
"delete_2"	"OK"	"Full fixed-universe ranking fitted"	""
"delete_3"	"OK"	"Full fixed-universe ranking fitted"	""
"delete_4"	"OK"	"Full fixed-universe ranking fitted"	""
"delete_5"	"OK"	"Full fixed-universe ranking fitted"	""
"delete_6"	"OK"	"Full fixed-universe ranking fitted"	""
"delete_7"	"OK"	"Full fixed-universe ranking fitted"	""
"delete_8"	"OK"	"Full fixed-universe ranking fitted"	""
"delete_9"	"OK"	"Full fixed-universe ranking fitted"	""
"delete_10"	"OK"	"Full fixed-universe ranking fitted"	""
"delete_11"	"OK"	"Full fixed-universe ranking fitted"	""
"delete_12"	"OK"	"Full fixed-universe ranking fitted"	""
"delete_13"	"OK"	"Full fixed-universe ranking fitted"	""
"delete_14"	"OK"	"Full fixed-universe ranking fitted"	""
"delete_15"	"OK"	"Full fixed-universe ranking fitted"	""
"delete_16"	"OK"	"Full fixed-universe ranking fitted"	""
"delete_17"	"OK"	"Full fixed-universe ranking fitted"	""
"delete_18"	"OK"	"Full fixed-universe ranking fitted"	""
"delete_19"	"OK"	"Full fixed-universe ranking fitted"	""
"delete_20"	"OK"	"Full fixed-universe ranking fitted"	""
"delete_21"	"OK"	"Full fixed-universe ranking fitted"	""
"delete_22"	"OK"	"Full fixed-universe ranking fitted"	""
"delete_23"	"OK"	"Full fixed-universe ranking fitted"	""
"delete_24"	"OK"	"Full fixed-universe ranking fitted"	""
"delete_25"	"OK"	"Full fixed-universe ranking fitted"	""
"delete_26"	"OK"	"Full fixed-universe ranking fitted"	""
"delete_27"	"OK"	"Full fixed-universe ranking fitted"	""
"delete_28"	"OK"	"Full fixed-universe ranking fitted"	""
"delete_29"	"OK"	"Full fixed-universe ranking fitted"	""
"delete_30"	"OK"	"Full fixed-universe ranking fitted"	""
"delete_31"	"OK"	"Full fixed-universe ranking fitted"	""
"delete_32"	"OK"	"Full fixed-universe ranking fitted"	""
"delete_33"	"OK"	"Full fixed-universe ranking fitted"	""
"delete_34"	"OK"	"Full fixed-universe ranking fitted"	""
"delete_35"	"OK"	"Full fixed-universe ranking fitted"	""
"delete_36"	"OK"	"Full fixed-universe ranking fitted"	""
"delete_37"	"OK"	"Full fixed-universe ranking fitted"	""
"delete_38"	"OK"	"Full fixed-universe ranking fitted"	""
