"feature_id"	"baseline_rank"	"baseline_topk"	"baseline_t"	"baseline_effect"	"baseline_effect_sign"	"membership_status"	"membership_minimum_change_lower_bound"	"membership_minimum_change_upper_bound"	"membership_exact_minimum_change"	"membership_certified_through"	"direction_status"	"direction_minimum_change_lower_bound"	"direction_minimum_change_upper_bound"	"direction_exact_minimum_change"	"direction_certified_through"
"X95735_at"	1	TRUE	10.5777480888816	1.88146077441077	1	"CERTIFIED"	3	NA	NA	2	"CERTIFIED"	3	NA	NA	2
"M27891_at"	2	TRUE	9.77584665725552	2.89194097643098	1	"CERTIFIED"	3	NA	NA	2	"CERTIFIED"	3	NA	NA	2
"M55150_at"	3	TRUE	8.0329392125638	0.754397474747475	1	"CERTIFIED"	3	NA	NA	2	"CERTIFIED"	3	NA	NA	2
"M16038_at"	4	TRUE	7.98325956844796	1.38216781144781	1	"REFUTED"	2	2	2	1	"CERTIFIED"	3	NA	NA	2
"L09209_s_at"	5	TRUE	7.96552791357062	1.52238717171717	1	"REFUTED"	2	2	2	1	"CERTIFIED"	3	NA	NA	2
"M31523_at"	6	TRUE	-7.54834779503368	-1.24602606060606	-1	"REFUTED"	2	2	2	1	"CERTIFIED"	3	NA	NA	2
"X74262_at"	7	TRUE	-7.41592877904187	-1.43369104377104	-1	"REFUTED"	2	2	2	1	"CERTIFIED"	3	NA	NA	2
"Z15115_at"	8	TRUE	-7.3481379428185	-0.992888754208754	-1	"REFUTED"	1	1	1	0	"CERTIFIED"	3	NA	NA	2
"L47738_at"	9	TRUE	-7.31331655448025	-1.51309276094276	-1	"REFUTED"	1	1	1	0	"CERTIFIED"	3	NA	NA	2
"U22376_cds2_s_at"	10	TRUE	-7.27676441013278	-1.56812478114478	-1	"REFUTED"	1	1	1	0	"CERTIFIED"	3	NA	NA	2
"HG1612-HT1612_at"	11	TRUE	-7.10734939860159	-1.01860976430976	-1	"REFUTED"	1	1	1	0	"CERTIFIED"	3	NA	NA	2
"M91432_at"	12	TRUE	-7.08153562999937	-1.20177097643098	-1	"REFUTED"	1	1	1	0	"CERTIFIED"	3	NA	NA	2
"L41870_at"	13	TRUE	-7.0789459662	-0.866281717171717	-1	"REFUTED"	1	1	1	0	"CERTIFIED"	3	NA	NA	2
"U72936_s_at"	14	TRUE	-7.07476270834987	-0.977415993265993	-1	"REFUTED"	1	1	1	0	"CERTIFIED"	3	NA	NA	2
"X51521_at"	15	TRUE	-7.06408474774184	-0.856107912457912	-1	"REFUTED"	1	1	1	0	"CERTIFIED"	3	NA	NA	2
"U50136_rna1_at"	16	TRUE	6.97029391331588	0.803765353535353	1	"REFUTED"	1	1	1	0	"CERTIFIED"	3	NA	NA	2
"Y12670_at"	17	TRUE	6.96131024907752	1.05836717171717	1	"REFUTED"	1	1	1	0	"CERTIFIED"	3	NA	NA	2
"X74801_at"	18	TRUE	-6.9541272865567	-0.793301919191919	-1	"REFUTED"	1	1	1	0	"CERTIFIED"	3	NA	NA	2
"Y00787_s_at"	19	TRUE	6.86557886432735	2.69044777777778	1	"REFUTED"	1	1	1	0	"CERTIFIED"	3	NA	NA	2
"J05243_at"	20	TRUE	-6.85980326998192	-1.39425656565657	-1	"REFUTED"	1	1	1	0	"CERTIFIED"	3	NA	NA	2
