"feature_id"	"baseline_rank"	"baseline_t"	"best_observed_rank"	"worst_observed_rank"	"loo_selected_count"	"loo_scenarios"	"loo_selection_fraction"	"loo_sign_changes"	"baseline_topk"
"P00918ups|CAH2_HUMAN_UPS"	2	12.4358201691817	2	6	6	6	1	0	TRUE
"P01008ups|ANT3_HUMAN_UPS;CON__P41361"	532	0.614975836765951	76	995	0	6	0	0	FALSE
"P01127ups|PDGFB_HUMAN_UPS"	3	11.3783294326204	1	11	6	6	1	0	TRUE
"P02144ups|MYG_HUMAN_UPS"	5	8.72276570666799	1	26	5	6	0.833333333333333	0	TRUE
"P02753ups|RETBP_HUMAN_UPS"	25	4.00157361504343	15	79	2	6	0.333333333333333	0	FALSE
"P02787ups|TRFE_HUMAN_UPS;CON__Q2HJF0"	6	6.88928365654165	1	23	4	6	0.666666666666667	0	TRUE
"P04040ups|CATA_HUMAN_UPS"	24	4.11108087359421	11	75	2	6	0.333333333333333	0	FALSE
"P06732ups|KCRM_HUMAN_UPS"	28	3.78472627857367	11	111	1	6	0.166666666666667	0	FALSE
"P08263ups|GSTA1_HUMAN_UPS"	18	4.53438895913635	11	68	2	6	0.333333333333333	0	TRUE
"P08311ups|CATG_HUMAN_UPS"	4	9.91299362400253	3	11	6	6	1	0	TRUE
"P10145ups|IL8_HUMAN_UPS"	9	5.63235485924326	7	31	2	6	0.333333333333333	0	TRUE
"P10636-8ups|TAU_HUMAN_UPS"	1	17.4728526385748	1	5	6	6	1	0	TRUE
"P51965ups|UB2E1_HUMAN_UPS"	178	1.44597130736076	166	424	0	6	0	0	FALSE
"P61769ups|B2MG_HUMAN_UPS"	13	5.19314884739469	9	46	2	6	0.333333333333333	0	TRUE
"P62937ups|PPIA_HUMAN_UPS"	49	2.88713127750368	13	178	1	6	0.166666666666667	0	FALSE
"P63165ups|SUMO1_HUMAN_UPS"	17	4.54189598464071	17	61	1	6	0.166666666666667	0	TRUE
"P63279ups|UBC9_HUMAN_UPS"	12	5.31786158583478	4	53	3	6	0.5	0	TRUE
"P99999ups|CYC_HUMAN_UPS;CON__P62894"	22	4.26399110299169	2	60	1	6	0.166666666666667	0	FALSE
"Q06830ups|PRDX1_HUMAN_UPS"	27	3.89298950494493	18	107	1	6	0.166666666666667	0	FALSE
"sp|D6VTK4|STE2_YEAST"	1023	-0.0612464568249578	294	1023	0	6	0	3	FALSE
"sp|O13516|RS9A_YEAST"	62	-2.56549588999201	1	259	1	6	0.166666666666667	0	FALSE
"sp|O13547|CCW14_YEAST"	376	-0.85161330379452	61	880	0	6	0	0	FALSE
"sp|O13563|RPN13_YEAST"	1019	-0.0649245663516799	375	1019	0	6	0	3	FALSE
"sp|O14455|RL36B_YEAST"	231	-1.2568627274801	82	598	0	6	0	0	FALSE
"sp|O14467|MBF1_YEAST"	903	0.159923135531271	292	1056	0	6	0	3	FALSE
"sp|O43137|YB085_YEAST"	809	0.252744767212784	86	1080	0	6	0	3	FALSE
"sp|O74700|TIM9_YEAST"	676	-0.403354376774996	342	910	0	6	0	2	FALSE
"sp|P00330|ADH1_YEAST;sp|P00331|ADH2_YEAST;sp|P38113|ADH5_YEAST"	874	-0.192000581176695	245	1039	0	6	0	2	FALSE
"sp|P00358|G3P2_YEAST"	470	-0.706081150517135	217	1033	0	6	0	1	FALSE
"sp|P00359|G3P3_YEAST"	780	-0.282786966842367	337	1086	0	6	0	1	FALSE
"sp|P00360|G3P1_YEAST"	100	-1.93125386368222	100	217	0	6	0	0	FALSE
"sp|P00445|SODC_YEAST"	175	-1.45688229738375	89	492	0	6	0	0	FALSE
"sp|P00498|HIS1_YEAST"	262	1.14574156039662	88	767	0	6	0	0	FALSE
"sp|P00549|KPYK1_YEAST"	994	-0.0928768495479938	323	1019	0	6	0	3	FALSE
"sp|P00560|PGK_YEAST"	554	-0.580217346626711	318	1053	0	6	0	2	FALSE
"sp|P24031|PPA3_YEAST;sp|P00635|PPA5_YEAST;sp|P38693|PPAC_YEAST;sp|P35842|PPAB_YEAST"	216	1.29428186898867	91	562	0	6	0	0	FALSE
"sp|P00812|ARGI_YEAST"	692	0.378819585140315	83	1064	0	6	0	1	FALSE
"sp|P00815|HIS2_YEAST"	279	-1.08297980705248	149	778	0	6	0	0	FALSE
"sp|P00817|IPYR_YEAST"	620	0.494090008761255	395	1022	0	6	0	2	FALSE
"sp|P00830|ATPB_YEAST"	343	-0.915228483462779	215	858	0	6	0	0	FALSE
"sp|P00890|CISY1_YEAST"	497	-0.66682388102099	281	759	0	6	0	1	FALSE
"sp|P00899|TRPE_YEAST"	286	1.07111250505042	151	706	0	6	0	0	FALSE
"sp|P00924|ENO1_YEAST"	1043	-0.0439505704595211	273	1092	0	6	0	2	FALSE
"sp|P00925|ENO2_YEAST"	781	-0.281732374543372	382	882	0	6	0	2	FALSE
"sp|P00927|THDH_YEAST"	34	-3.56876969276236	30	73	0	6	0	0	FALSE
"sp|P00931|TRP_YEAST"	490	0.672713795622107	235	1097	0	6	0	1	FALSE
"sp|P00937|TRPG_YEAST"	93	-1.9818691821161	37	285	0	6	0	0	FALSE
"sp|P00942|TPIS_YEAST"	492	-0.671281171473985	328	932	0	6	0	1	FALSE
"sp|P00950|PMG1_YEAST"	357	-0.891494924472636	179	989	0	6	0	0	FALSE
"sp|P00958|SYMC_YEAST"	603	0.513584842733859	271	1004	0	6	0	1	FALSE
"sp|P01120|RAS2_YEAST"	718	0.353917467693349	227	1034	0	6	0	2	FALSE
"sp|P01123|YPT1_YEAST"	212	-1.30938522717675	92	632	0	6	0	0	FALSE
"sp|P02294|H2B2_YEAST;sp|P02293|H2B1_YEAST"	458	-0.721604195848243	354	627	0	6	0	1	FALSE
"sp|P02309|H4_YEAST"	518	-0.639777873003432	351	789	0	6	0	1	FALSE
"sp|P02400|RLA4_YEAST"	124	-1.74601512593411	88	323	0	6	0	0	FALSE
"sp|P02406|RL28_YEAST"	770	0.295078016972645	407	877	0	6	0	2	FALSE
"sp|P14127|RS17B_YEAST;sp|P02407|RS17A_YEAST"	59	-2.60991091652899	59	170	0	6	0	0	FALSE
"sp|P02557|TBB_YEAST"	440	0.751174383344515	104	972	0	6	0	0	FALSE
"sp|P02829|HSP82_YEAST"	653	0.429616115285918	387	889	0	6	0	2	FALSE
"sp|P02992|EFTU_YEAST"	912	0.150573621348488	295	1070	0	6	0	3	FALSE
"sp|P02994|EF1A_YEAST"	472	-0.702723055085756	189	1069	0	6	0	0	FALSE
"sp|P03965|CARB_YEAST"	1072	0.0203193263636431	271	1072	0	6	0	3	FALSE
"sp|P04037|COX4_YEAST"	476	-0.694326474138592	291	1092	0	6	0	0	FALSE
"sp|P04046|PUR1_YEAST"	894	-0.169514483884958	351	1075	0	6	0	3	FALSE
"sp|P04050|RPB1_YEAST"	1029	-0.0560497356924335	246	1029	0	6	0	2	FALSE
"sp|P04076|ARLY_YEAST"	87	-2.03186096825974	14	319	1	6	0.166666666666667	0	FALSE
"sp|P04147|PABP_YEAST"	412	-0.797778903459872	256	1002	0	6	0	0	FALSE
"sp|P04449|RL24A_YEAST"	787	-0.270315903375028	242	1052	0	6	0	3	FALSE
"sp|P04456|RL25_YEAST"	315	-0.999640403017649	220	968	0	6	0	0	FALSE
"sp|P04650|RL39_YEAST"	991	-0.0934473874600208	447	991	0	6	0	2	FALSE
"sp|P04801|SYTC_YEAST"	356	-0.89242723015081	126	857	0	6	0	0	FALSE
"sp|P04802|SYDC_YEAST"	845	-0.215910902101708	337	1016	0	6	0	2	FALSE
"sp|P04806|HXKA_YEAST"	765	0.298633247953024	273	1093	0	6	0	3	FALSE
"sp|P04807|HXKB_YEAST"	958	0.110641437661467	272	1092	0	6	0	2	FALSE
"sp|P04840|VDAC1_YEAST"	302	-1.0379535076441	78	822	0	6	0	0	FALSE
"sp|P04912|H2A2_YEAST;sp|P04911|H2A1_YEAST"	851	0.209772899239609	394	1069	0	6	0	2	FALSE
"sp|P05030|PMA1_YEAST"	990	-0.0941876457267127	418	1058	0	6	0	3	FALSE
"sp|P05317|RLA0_YEAST"	430	-0.761004728679574	400	1071	0	6	0	1	FALSE
"sp|P05318|RLA1_YEAST"	677	0.402771749523717	338	999	0	6	0	2	FALSE
"sp|P05319|RLA2_YEAST"	652	0.430121992702237	359	956	0	6	0	1	FALSE
"sp|P05453|ERF3_YEAST"	134	-1.67944958425033	34	386	0	6	0	0	FALSE
"sp|P05626|ATPF_YEAST"	592	0.526456086017816	334	966	0	6	0	2	FALSE
"sp|P05694|METE_YEAST"	460	-0.71933012365037	250	1091	0	6	0	1	FALSE
"sp|P05737|RL7A_YEAST"	827	0.230075120193044	401	1087	0	6	0	3	FALSE
"sp|P05738|RL9A_YEAST"	659	0.420680649151497	146	1076	0	6	0	2	FALSE
"sp|P05739|RL6B_YEAST"	915	-0.148168114354818	261	1083	0	6	0	3	FALSE
"sp|P05740|RL17A_YEAST"	85	-2.03557507309641	73	195	0	6	0	0	FALSE
"sp|P05744|RL33A_YEAST"	576	-0.552149540035355	169	985	0	6	0	1	FALSE
"sp|P05745|RL36A_YEAST"	488	0.673635254467266	319	705	0	6	0	1	FALSE
"sp|P05747|RL29_YEAST"	684	0.396583212704645	207	1018	0	6	0	2	FALSE
"sp|P05748|RL15A_YEAST"	328	0.964448306773557	172	925	0	6	0	0	FALSE
"sp|P05749|RL22A_YEAST"	969	0.104535946579799	385	1059	0	6	0	3	FALSE
"sp|P05750|RS3_YEAST"	1089	-0.00464544318417627	279	1089	0	6	0	3	FALSE
"sp|P05755|RS9B_YEAST"	555	-0.579629190189239	147	1050	0	6	0	1	FALSE
"sp|P05756|RS13_YEAST"	909	-0.155764895414263	467	1012	0	6	0	2	FALSE
"sp|P05759|RS27A_YEAST"	345	-0.909698980489351	318	945	0	6	0	1	FALSE
"sp|P06101|CDC37_YEAST"	593	0.526154656382999	267	940	0	6	0	1	FALSE
"sp|P06103|EIF3B_YEAST"	500	-0.662058834003667	135	1050	0	6	0	0	FALSE
"sp|P06105|SC160_YEAST"	515	-0.642349122521258	278	1007	0	6	0	1	FALSE
"sp|P06168|ILV5_YEAST"	207	-1.34378850400283	58	518	0	6	0	0	FALSE
"sp|P06169|PDC1_YEAST;sp|P26263|PDC6_YEAST;sp|P16467|PDC5_YEAST;sp|Q07471|THI3_YEAST"	396	-0.814969447992067	231	977	0	6	0	1	FALSE
"sp|P06208|LEU1_YEAST"	959	-0.11058926608694	252	1036	0	6	0	2	FALSE
"sp|P06634|DED1_YEAST;sp|P24784|DBP1_YEAST"	668	-0.415250610907961	263	1035	0	6	0	2	FALSE
"sp|P06780|RHO1_YEAST"	305	-1.03294388162274	209	942	0	6	0	0	FALSE
"sp|P06785|TYSY_YEAST"	1021	-0.0633127637828274	376	1021	0	6	0	2	FALSE
"sp|P06786|TOP2_YEAST"	880	0.186357691510998	421	1030	0	6	0	2	FALSE
"sp|P06787|CALM_YEAST"	723	-0.348998554662345	413	1048	0	6	0	2	FALSE
"sp|P07149|FAS1_YEAST"	968	0.104576381038172	228	968	0	6	0	4	FALSE
"sp|P07170|KAD2_YEAST"	690	-0.383903938955902	252	1040	0	6	0	2	FALSE
"sp|P07172|HIS8_YEAST"	1031	0.0548106158140184	201	1063	0	6	0	4	FALSE
"sp|P07213|TOM70_YEAST"	268	1.12764555242349	104	708	0	6	0	0	FALSE
"sp|P07244|PUR2_YEAST"	265	-1.13607477103578	126	651	0	6	0	0	FALSE
"sp|P07245|C1TC_YEAST"	45	-2.9455339825097	9	169	1	6	0.166666666666667	0	FALSE
"sp|P07246|ADH3_YEAST"	992	0.0933406160325378	126	1028	0	6	0	3	FALSE
"sp|P07251|ATPA_YEAST"	694	0.37655077200018	54	1090	0	6	0	1	FALSE
"sp|P07256|QCR1_YEAST"	1014	0.0729763728059662	270	1014	0	6	0	3	FALSE
"sp|P07257|QCR2_YEAST"	919	0.14332048853291	233	971	0	6	0	2	FALSE
"sp|P07258|CARA_YEAST"	91	-2.00302539312137	18	322	1	6	0.166666666666667	0	FALSE
"sp|P07259|PYR1_YEAST"	552	-0.588070594149434	248	921	0	6	0	1	FALSE
"sp|P07260|IF4E_YEAST"	263	-1.14462556314831	90	629	0	6	0	0	FALSE
"sp|P07262|DHE4_YEAST;sp|P39708|DHE5_YEAST"	632	-0.47457707384581	308	928	0	6	0	2	FALSE
"sp|P07263|SYH_YEAST"	234	1.23061418991405	66	737	0	6	0	0	FALSE
"sp|P07264|LEUC_YEAST"	535	0.611118076133885	210	931	0	6	0	1	FALSE
"sp|P07267|CARP_YEAST"	1064	0.0258831819499989	195	1064	0	6	0	3	FALSE
"sp|P07273|TFS2_YEAST"	260	1.14732756956426	192	686	0	6	0	0	FALSE
"sp|P07278|KAPR_YEAST"	413	-0.797157014667839	90	1028	0	6	0	0	FALSE
"sp|P07281|RS19B_YEAST;sp|P07280|RS19A_YEAST"	844	0.216388801209571	341	1057	0	6	0	3	FALSE
"sp|P07283|PMM_YEAST"	681	-0.401445090728004	104	1084	0	6	0	2	FALSE
"sp|P07284|SYSC_YEAST"	965	0.108199295877384	321	1052	0	6	0	2	FALSE
"sp|P07285|TRPD_YEAST"	1044	-0.0391069394944751	304	1055	0	6	0	2	FALSE
"sp|P07342|ILVB_YEAST"	258	-1.14961972592048	205	674	0	6	0	0	FALSE
"sp|P07347|ARD1_YEAST"	15	4.78536918950006	9	62	1	6	0.166666666666667	0	TRUE
"sp|P07560|SEC4_YEAST"	289	-1.06862179692501	78	705	0	6	0	0	FALSE
"sp|P07702|LYS2_YEAST"	402	-0.806152437118282	180	548	0	6	0	1	FALSE
"sp|P07703|RPAC1_YEAST"	849	-0.211214669334314	227	983	0	6	0	3	FALSE
"sp|P07806|SYV_YEAST"	39	-3.43442796835494	15	79	1	6	0.166666666666667	0	FALSE
"sp|P07991|OAT_YEAST"	77	-2.14957779294086	73	203	0	6	0	0	FALSE
"sp|P08417|FUMH_YEAST"	311	-1.01263082946522	84	854	0	6	0	0	FALSE
"sp|P08456|PSS_YEAST"	1077	-0.0188965938652114	385	1077	0	6	0	4	FALSE
"sp|P08518|RPB2_YEAST"	196	-1.38116926293757	26	575	0	6	0	0	FALSE
"sp|P08524|FPPS_YEAST"	1001	0.0869759273388148	336	1043	0	6	0	3	FALSE
"sp|P08566|ARO1_YEAST"	1094	-0.00255744017791096	164	1094	0	6	0	4	FALSE
"sp|P09064|IF2B_YEAST"	731	-0.338056119630459	26	1030	0	6	0	2	FALSE
"sp|P09232|PRTB_YEAST"	580	0.543597287511322	132	1054	0	6	0	1	FALSE
"sp|P09436|SYIC_YEAST"	539	0.605154911879069	372	1025	0	6	0	1	FALSE
"sp|P09440|C1TM_YEAST"	573	-0.556691703951407	135	1095	0	6	0	1	FALSE
"sp|P09457|ATPO_YEAST"	475	-0.695122671585597	359	826	0	6	0	1	FALSE
"sp|P09624|DLDH_YEAST"	888	-0.175264252186411	364	1035	0	6	0	2	FALSE
"sp|P09733|TBA1_YEAST"	856	-0.207861501514274	335	1078	0	6	0	2	FALSE
"sp|P09734|TBA3_YEAST"	644	0.445788703811428	288	945	0	6	0	1	FALSE
"sp|P09938|RIR2_YEAST"	547	-0.593580468322034	102	1029	0	6	0	0	FALSE
"sp|Q3E792|RS25A_YEAST;sp|P0C0T4|RS25B_YEAST"	937	0.127701203885619	364	1094	0	6	0	2	FALSE
"sp|Q3E754|RS21B_YEAST;sp|P0C0V8|RS21A_YEAST"	272	-1.10874458356166	267	752	0	6	0	0	FALSE
"sp|Q3E757|RL11B_YEAST;sp|P0C0W9|RL11A_YEAST"	1006	-0.0795912971049552	329	1006	0	6	0	3	FALSE
"sp|Q3E7X9|RS28A_YEAST;sp|P0C0X0|RS28B_YEAST"	291	-1.06448254148145	38	774	0	6	0	0	FALSE
"sp|P0C2H7|RL27B_YEAST;sp|P0C2H6|RL27A_YEAST"	101	-1.91540133931759	68	273	0	6	0	0	FALSE
"sp|P0C2H8|RL31A_YEAST"	752	-0.314554458400737	402	1060	0	6	0	1	FALSE
"sp|P0C2I9|YP12B_YEAST;sp|Q07793|YD13B_YEAST;sp|Q99337|YN12B_YEAST;sp|P0CX58|YP12A_YEAST;sp|P0CX57|YA11A_YEAST;sp|O74302|YD13A_YEAST;sp|Q12470|YN12A_YEAST"	1068	0.022428211396011	402	1076	0	6	0	3	FALSE
"sp|P0CH09|RL402_YEAST;sp|P0CH08|RL401_YEAST;sp|P0CG63|UBI4P_YEAST"	107	-1.86143151891656	40	367	0	6	0	0	FALSE
"sp|P0CS90|HSP77_YEAST;sp|P39987|HSP7E_YEAST"	807	0.253447091198138	382	997	0	6	0	2	FALSE
"sp|P0CT04|IPB2_YEAST"	40	3.42746032367545	6	142	1	6	0.166666666666667	0	FALSE
"sp|P0CX24|RL20B_YEAST;sp|P0CX23|RL20A_YEAST"	698	-0.374304749113083	95	1057	0	6	0	3	FALSE
"sp|P0CX26|RL43B_YEAST;sp|P0CX25|RL43A_YEAST"	829	-0.228075587592977	407	946	0	6	0	2	FALSE
"sp|P0CX28|RL44B_YEAST;sp|P0CX27|RL44A_YEAST"	988	-0.0958417542083431	376	988	0	6	0	3	FALSE
"sp|P0CX30|RS23B_YEAST;sp|P0CX29|RS23A_YEAST"	452	-0.732532724970772	61	1044	0	6	0	0	FALSE
"sp|P0CX32|RS24B_YEAST;sp|P0CX31|RS24A_YEAST"	802	-0.257434630792168	338	988	0	6	0	2	FALSE
"sp|P0CX34|RS30B_YEAST;sp|P0CX33|RS30A_YEAST"	945	-0.121474763911747	521	997	0	6	0	2	FALSE
"sp|P0CX36|RS4B_YEAST;sp|P0CX35|RS4A_YEAST"	998	0.0886859996369841	332	1035	0	6	0	3	FALSE
"sp|P0CX38|RS6B_YEAST;sp|P0CX37|RS6A_YEAST"	153	1.5740235461403	88	416	0	6	0	0	FALSE
"sp|P0CX40|RS8B_YEAST;sp|P0CX39|RS8A_YEAST"	333	0.940391155475454	115	826	0	6	0	0	FALSE
"sp|P0CX42|RL23B_YEAST;sp|P0CX41|RL23A_YEAST"	1008	-0.0785403040402137	419	1076	0	6	0	3	FALSE
"sp|P0CX44|RL1B_YEAST;sp|P0CX43|RL1A_YEAST"	669	-0.414973132327308	385	987	0	6	0	2	FALSE
"sp|P0CX46|RL2B_YEAST;sp|P0CX45|RL2A_YEAST"	816	0.243813754139334	74	1093	0	6	0	2	FALSE
"sp|P0CX48|RS11B_YEAST;sp|P0CX47|RS11A_YEAST"	397	0.813783492320161	313	768	0	6	0	1	FALSE
"sp|P0CX50|RL18B_YEAST;sp|P0CX49|RL18A_YEAST"	586	0.533216782332925	82	1040	0	6	0	0	FALSE
"sp|P0CX52|RS16B_YEAST;sp|P0CX51|RS16A_YEAST"	363	0.873726839940491	95	881	0	6	0	0	FALSE
"sp|P0CX54|RL12B_YEAST;sp|P0CX53|RL12A_YEAST"	75	-2.15519916403968	29	223	0	6	0	0	FALSE
"sp|P0CX56|RS18B_YEAST;sp|P0CX55|RS18A_YEAST"	891	-0.172367335119884	261	1045	0	6	0	2	FALSE
"sp|P0CX83|RL19B_YEAST;sp|P0CX82|RL19A_YEAST"	389	-0.824184784119463	188	982	0	6	0	0	FALSE
"sp|P0CX85|RL35B_YEAST;sp|P0CX84|RL35A_YEAST"	872	-0.195287363574635	315	1056	0	6	0	2	FALSE
"sp|P10080|SSBP1_YEAST"	334	0.938988347853263	297	968	0	6	0	1	FALSE
"sp|P10081|IF4A_YEAST"	136	-1.66897837349239	79	355	0	6	0	0	FALSE
"sp|P10591|HSP71_YEAST"	944	0.121653393908379	320	1096	0	6	0	4	FALSE
"sp|P10592|HSP72_YEAST"	634	-0.471905741556032	353	991	0	6	0	1	FALSE
"sp|P10614|CP51_YEAST"	181	-1.44010348789428	72	438	0	6	0	0	FALSE
"sp|P10622|RLA3_YEAST"	276	-1.09408761822311	94	681	0	6	0	0	FALSE
"sp|P10659|METK1_YEAST"	1005	-0.0805101933920393	255	1074	0	6	0	2	FALSE
"sp|P10664|RL4A_YEAST"	1070	0.0212544531517165	268	1070	0	6	0	2	FALSE
"sp|P10869|AK_YEAST"	266	1.13350947448061	73	754	0	6	0	0	FALSE
"sp|P10964|RPA1_YEAST"	949	-0.119414551581189	455	1013	0	6	0	2	FALSE
"sp|P11075|SEC7_YEAST"	665	0.418158892377736	236	1021	0	6	0	1	FALSE
"sp|P11076|ARF1_YEAST;sp|P19146|ARF2_YEAST"	370	0.858549766061197	158	880	0	6	0	0	FALSE
"sp|P11154|PYC1_YEAST"	848	-0.213944837689859	235	1069	0	6	0	3	FALSE
"sp|P11412|G6PD_YEAST"	33	-3.56954439290129	5	138	1	6	0.166666666666667	0	FALSE
"sp|P11484|HSP75_YEAST"	529	0.619933088195041	186	910	0	6	0	1	FALSE
"sp|P11633|NHP6B_YEAST"	759	-0.304315884598004	314	1092	0	6	0	1	FALSE
"sp|P11745|RNA1_YEAST"	615	0.498551936099195	273	1097	0	6	0	1	FALSE
"sp|P11938|RAP1_YEAST"	293	1.0582803238302	7	769	1	6	0.166666666666667	0	FALSE
"sp|P12385|ERF1_YEAST"	1037	0.0499461039723911	263	1037	0	6	0	3	FALSE
"sp|P12612|TCPA_YEAST"	687	-0.391575319933685	348	970	0	6	0	2	FALSE
"sp|P12630|BAR1_YEAST"	51	-2.85404193845437	43	116	0	6	0	0	FALSE
"sp|P12683|HMDH1_YEAST"	1013	0.0741513262093751	432	1061	0	6	0	3	FALSE
"sp|P12695|ODP2_YEAST"	287	-1.07031009426218	147	798	0	6	0	0	FALSE
"sp|P12709|G6PI_YEAST"	797	0.263039763312199	355	1041	0	6	0	2	FALSE
"sp|P12754|EI2BD_YEAST"	422	-0.779174873284597	308	1038	0	6	0	0	FALSE
"sp|P12945|NAT1_YEAST"	469	0.707549187631407	179	1015	0	6	0	1	FALSE
"sp|P12962|CAF20_YEAST"	222	-1.27897842957412	181	538	0	6	0	0	FALSE
"sp|P13188|SYQ_YEAST"	588	-0.532307983406387	103	1088	0	6	0	1	FALSE
"sp|P13298|PYRE_YEAST"	420	-0.780909608683711	291	814	0	6	0	1	FALSE
"sp|P13517|CAPZB_YEAST"	278	1.08502468656285	260	749	0	6	0	0	FALSE
"sp|P13586|ATC1_YEAST"	943	-0.122763081389721	275	1028	0	6	0	3	FALSE
"sp|P13663|DHAS_YEAST"	791	-0.267240884972272	403	1014	0	6	0	2	FALSE
"sp|P13856|RSR1_YEAST"	950	0.118568500171147	98	960	0	6	0	2	FALSE
"sp|P14020|DPM1_YEAST"	720	0.352099458464317	225	991	0	6	0	2	FALSE
"sp|P14065|GCY1_YEAST"	184	-1.42973053410374	129	468	0	6	0	0	FALSE
"sp|P14120|RL30_YEAST"	11	5.51430029850225	10	41	3	6	0.5	0	TRUE
"sp|P14126|RL3_YEAST"	1091	0.00416184262318832	97	1091	0	6	0	4	FALSE
"sp|P14540|ALF_YEAST"	455	0.731314814063142	166	1002	0	6	0	1	FALSE
"sp|P14742|GFA1_YEAST"	926	-0.136128461240104	174	1093	0	6	0	3	FALSE
"sp|P14743|NMT_YEAST"	582	-0.538715081196698	81	1075	0	6	0	1	FALSE
"sp|P14832|CYPH_YEAST"	1084	-0.00870292615763699	349	1090	0	6	0	3	FALSE
"sp|P14843|AROF_YEAST"	290	-1.06565857859635	228	822	0	6	0	0	FALSE
"sp|P14904|AMPL_YEAST"	489	-0.67308060825015	407	937	0	6	0	1	FALSE
"sp|P14906|SEC63_YEAST"	56	2.70347895523471	35	154	0	6	0	0	FALSE
"sp|P14907|NSP1_YEAST"	902	-0.160086664606113	346	1017	0	6	0	3	FALSE
"sp|P15019|TAL1_YEAST;sp|P53228|TAL2_YEAST"	739	0.323482674312917	355	1096	0	6	0	1	FALSE
"sp|P15108|HSC82_YEAST"	1046	-0.0383981357325738	260	1094	0	6	0	2	FALSE
"sp|P15180|SYKC_YEAST"	857	0.207785731726597	494	949	0	6	0	2	FALSE
"sp|P15303|SEC23_YEAST"	537	-0.606131406687626	124	1042	0	6	0	0	FALSE
"sp|P15454|KGUA_YEAST"	568	0.56298143783981	397	825	0	6	0	1	FALSE
"sp|P15496|IDI1_YEAST"	106	-1.86739047912397	50	311	0	6	0	0	FALSE
"sp|P15565|TRM1_YEAST"	1053	0.0350973661241718	174	1053	0	6	0	2	FALSE
"sp|P15624|SYFB_YEAST"	426	-0.769849778536465	141	1093	0	6	0	1	FALSE
"sp|P15625|SYFA_YEAST"	710	0.363619563230658	284	1068	0	6	0	1	FALSE
"sp|P15646|FBRL_YEAST"	493	-0.670822111127207	279	743	0	6	0	1	FALSE
"sp|P15700|KCY_YEAST"	67	2.36999026772573	21	261	0	6	0	0	FALSE
"sp|P15703|BGL2_YEAST"	1082	0.0118800431880585	417	1082	0	6	0	3	FALSE
"sp|P15705|STI1_YEAST"	318	-0.990915270948602	179	872	0	6	0	0	FALSE
"sp|P15873|PCNA_YEAST"	763	-0.302058579041528	307	934	0	6	0	2	FALSE
"sp|P15891|ABP1_YEAST"	254	-1.15174934939919	156	781	0	6	0	0	FALSE
"sp|P15992|HSP26_YEAST"	815	0.245271975246301	160	1096	0	6	0	3	FALSE
"sp|P16120|THRC_YEAST"	955	-0.114188939701659	145	955	0	6	0	2	FALSE
"sp|P16140|VATB_YEAST"	250	-1.16291652114804	226	651	0	6	0	0	FALSE
"sp|P16387|ODPA_YEAST"	671	0.412746832039972	238	1016	0	6	0	1	FALSE
"sp|P16451|ODPX_YEAST"	721	-0.352059227148388	346	1046	0	6	0	1	FALSE
"sp|P16474|GRP78_YEAST"	899	-0.162996749418153	8	1027	1	6	0.166666666666667	2	FALSE
"sp|P16521|EF3A_YEAST"	714	-0.358070399307592	283	1026	0	6	0	1	FALSE
"sp|P16550|APA1_YEAST"	257	-1.1497101473797	221	628	0	6	0	0	FALSE
"sp|P16603|NCPR_YEAST"	565	0.566329074772133	208	1042	0	6	0	2	FALSE
"sp|P16649|TUP1_YEAST"	741	0.322190349711435	161	1065	0	6	0	2	FALSE
"sp|P16861|PFKA1_YEAST"	159	1.53997012735317	45	443	0	6	0	0	FALSE
"sp|P16862|PFKA2_YEAST"	875	0.191874225396369	302	1028	0	6	0	3	FALSE
"sp|P17076|RL8A_YEAST"	415	-0.791281544227335	393	610	0	6	0	1	FALSE
"sp|P17106|CBF1_YEAST"	65	-2.4954453198964	39	207	0	6	0	0	FALSE
"sp|P17255|VATA_YEAST"	853	0.209064880291307	234	1047	0	6	0	3	FALSE
"sp|P17423|KHSE_YEAST"	545	0.597486668100308	267	942	0	6	0	1	FALSE
"sp|P17505|MDHM_YEAST"	436	-0.754978699244126	166	1069	0	6	0	0	FALSE
"sp|P17536|TPM1_YEAST"	980	-0.099616433411161	87	1075	0	6	0	2	FALSE
"sp|P17555|CAP_YEAST"	1059	0.0278948220692241	85	1059	0	6	0	4	FALSE
"sp|P17695|GLRX2_YEAST"	385	0.832059758651653	218	1075	0	6	0	1	FALSE
"sp|P17709|HXKG_YEAST"	906	0.157932270958523	217	941	0	6	0	3	FALSE
"sp|P17891|CLC1_YEAST"	108	1.85790838572271	49	326	0	6	0	0	FALSE
"sp|P17967|PDI_YEAST"	1045	-0.0386917957734892	288	1068	0	6	0	3	FALSE
"sp|P18239|ADT2_YEAST;sp|P18238|ADT3_YEAST"	769	0.295275857158642	236	1006	0	6	0	2	FALSE
"sp|P18562|UPP_YEAST"	629	-0.482817384447512	246	969	0	6	0	1	FALSE
"sp|P18759|SEC18_YEAST"	1050	0.0358442707729482	77	1078	0	6	0	1	FALSE
"sp|P18899|DDR48_YEAST"	201	-1.37038005530766	27	587	0	6	0	0	FALSE
"sp|P19097|FAS2_YEAST"	197	-1.37490223382879	188	404	0	6	0	0	FALSE
"sp|P19358|METK2_YEAST"	82	2.09639469634116	76	206	0	6	0	0	FALSE
"sp|P19414|ACON_YEAST"	44	-3.10507434713537	17	181	1	6	0.166666666666667	0	FALSE
"sp|P19454|CSK22_YEAST"	1075	-0.0194595883922296	243	1078	0	6	0	3	FALSE
"sp|P19524|MYO2_YEAST"	466	-0.713125527193607	291	1059	0	6	0	1	FALSE
"sp|P19881|PNPP_YEAST"	194	-1.38859103842471	80	499	0	6	0	0	FALSE
"sp|P19882|HSP60_YEAST"	910	-0.155060140226976	276	1049	0	6	0	3	FALSE
"sp|P20051|PYRC_YEAST"	285	1.07580429800635	265	776	0	6	0	0	FALSE
"sp|P20081|FKBP_YEAST"	863	0.201766151434688	552	863	0	6	0	2	FALSE
"sp|P20107|ZRC1_YEAST"	832	-0.225554615532807	456	945	0	6	0	2	FALSE
"sp|P20424|SRP54_YEAST"	142	1.64947519591227	45	443	0	6	0	0	FALSE
"sp|P20433|RPB4_YEAST"	885	-0.17832423203496	166	996	0	6	0	1	FALSE
"sp|P20434|RPAB1_YEAST"	204	-1.36591111461531	74	500	0	6	0	0	FALSE
"sp|P20436|RPAB3_YEAST"	860	0.204009651581166	49	986	0	6	0	3	FALSE
"sp|P20447|DBP3_YEAST"	48	-2.89613039923401	19	118	1	6	0.166666666666667	0	FALSE
"sp|P20448|DBP4_YEAST"	498	-0.664855109558739	87	988	0	6	0	1	FALSE
"sp|P20449|DBP5_YEAST"	550	0.58839810782777	378	854	0	6	0	1	FALSE
"sp|P20459|IF2A_YEAST"	553	0.585680323388555	367	1060	0	6	0	1	FALSE
"sp|P20484|MAK11_YEAST"	1025	-0.0583328770185887	498	1041	0	6	0	3	FALSE
"sp|P20606|SAR1_YEAST"	1067	0.0243449515657834	386	1067	0	6	0	2	FALSE
"sp|P20676|NUP1_YEAST"	249	-1.16517984407175	249	355	0	6	0	0	FALSE
"sp|P20967|ODO1_YEAST"	213	-1.30833722891737	112	622	0	6	0	0	FALSE
"sp|P21147|ACO1_YEAST"	245	1.1814927735752	41	747	0	6	0	0	FALSE
"sp|P21243|PSA1_YEAST"	1028	0.0567105562230749	325	1028	0	6	0	3	FALSE
"sp|P21264|PUR6_YEAST"	407	0.803998655391776	247	922	0	6	0	1	FALSE
"sp|P21304|PWP1_YEAST"	911	-0.151512423127172	472	961	0	6	0	2	FALSE
"sp|P21306|ATP5E_YEAST"	1071	0.0205188773452247	348	1071	0	6	0	4	FALSE
"sp|P21524|RIR1_YEAST;sp|P21672|RIR3_YEAST"	854	-0.20875043177059	207	1092	0	6	0	3	FALSE
"sp|P21538|REB1_YEAST"	1083	0.0109476218283877	407	1083	0	6	0	4	FALSE
"sp|P21576|VPS1_YEAST"	1011	0.074540092228511	321	1033	0	6	0	4	FALSE
"sp|P21734|UBC1_YEAST"	762	-0.303408299389413	102	1027	0	6	0	1	FALSE
"sp|P21827|RCC1_YEAST"	740	-0.323427115519055	435	831	0	6	0	2	FALSE
"sp|P21954|IDHP_YEAST"	383	-0.835912825157408	313	1009	0	6	0	1	FALSE
"sp|P21965|MCK1_YEAST"	170	-1.46838625038729	133	427	0	6	0	0	FALSE
"sp|P22137|CLH_YEAST"	600	-0.516215668979737	119	916	0	6	0	1	FALSE
"sp|P22138|RPA2_YEAST"	335	0.938540548664178	31	836	0	6	0	0	FALSE
"sp|P22141|PSB4_YEAST"	1012	0.0742456854885511	342	1012	0	6	0	3	FALSE
"sp|P22146|GAS1_YEAST"	846	0.215477944449137	388	1060	0	6	0	1	FALSE
"sp|P22147|XRN1_YEAST"	60	-2.60101733320752	54	194	0	6	0	0	FALSE
"sp|P22203|VATE_YEAST"	577	-0.549895468187474	272	1026	0	6	0	1	FALSE
"sp|P22217|TRX1_YEAST"	531	-0.615272883923395	214	1004	0	6	0	1	FALSE
"sp|P22276|RPC2_YEAST"	408	-0.801403433212966	372	620	0	6	0	1	FALSE
"sp|P22336|RFA1_YEAST"	973	-0.102405497797792	312	1009	0	6	0	3	FALSE
"sp|P22515|UBA1_YEAST"	528	-0.621075558162502	419	793	0	6	0	1	FALSE
"sp|P22696|ESS1_YEAST"	606	-0.509705165216043	220	959	0	6	0	1	FALSE
"sp|P22768|ASSY_YEAST"	367	0.862768340577421	333	1051	0	6	0	1	FALSE
"sp|P22803|TRX2_YEAST"	525	-0.625268089029598	180	1066	0	6	0	1	FALSE
"sp|P22943|HSP12_YEAST"	494	0.669009528423963	334	1082	0	6	0	1	FALSE
"sp|P23248|RS3A2_YEAST"	461	-0.718110080456592	197	1068	0	6	0	1	FALSE
"sp|P23254|TKT1_YEAST"	658	-0.424617359585482	290	944	0	6	0	1	FALSE
"sp|P23301|IF5A1_YEAST;sp|P19211|IF5A2_YEAST"	662	-0.418460881015219	283	848	0	6	0	1	FALSE
"sp|P23542|AATC_YEAST"	275	-1.09419979617973	93	729	0	6	0	0	FALSE
"sp|P23585|HXT2_YEAST;sp|P32467|HXT4_YEAST"	736	0.329277603634279	94	1091	0	6	0	3	FALSE
"sp|P23638|PSA3_YEAST"	754	0.31206345212414	303	1032	0	6	0	2	FALSE
"sp|P23639|PSA2_YEAST"	734	0.331331393054824	399	908	0	6	0	2	FALSE
"sp|P23641|MPCP_YEAST"	147	-1.60367069993849	72	344	0	6	0	0	FALSE
"sp|P23644|TOM40_YEAST"	1052	-0.0352042409878107	249	1052	0	6	0	3	FALSE
"sp|P23724|PSB6_YEAST"	838	-0.219731067847541	341	1034	0	6	0	2	FALSE
"sp|P24000|RL24B_YEAST"	701	-0.372415666979724	513	862	0	6	0	2	FALSE
"sp|P24276|SSD1_YEAST"	858	0.206629111760819	344	894	0	6	0	2	FALSE
"sp|P24279|MCM3_YEAST"	398	-0.813297807446418	358	521	0	6	0	1	FALSE
"sp|P24280|SEC14_YEAST;sp|P33324|YKJ1_YEAST"	786	-0.270512168849085	324	993	0	6	0	2	FALSE
"sp|P24783|DBP2_YEAST"	575	-0.552647170500442	125	1002	0	6	0	1	FALSE
"sp|P25040|TSR4_YEAST"	180	-1.44035425547622	49	457	0	6	0	0	FALSE
"sp|P25045|LCB1_YEAST"	50	2.86326541413604	50	164	0	6	0	0	FALSE
"sp|P25087|ERG6_YEAST"	177	-1.45051258136226	16	584	1	6	0.166666666666667	0	FALSE
"sp|P25293|NAP1_YEAST"	1055	-0.0327674573931956	420	1055	0	6	0	3	FALSE
"sp|P25294|SIS1_YEAST"	506	-0.658693693545364	145	941	0	6	0	1	FALSE
"sp|P25296|CANB_YEAST"	375	0.853352689704956	161	988	0	6	0	0	FALSE
"sp|P25297|PHO84_YEAST"	158	1.54176809327423	105	436	0	6	0	0	FALSE
"sp|P25340|ERG4_YEAST"	429	0.761186183336734	330	765	0	6	0	1	FALSE
"sp|P25342|CDC10_YEAST"	708	-0.36430049407487	255	1024	0	6	0	1	FALSE
"sp|P25343|RV161_YEAST"	1085	0.00702645854848713	416	1085	0	6	0	2	FALSE
"sp|P25349|YCP4_YEAST"	613	0.503613639287363	102	805	0	6	0	1	FALSE
"sp|P25367|RNQ1_YEAST"	812	0.246488408744764	138	1087	0	6	0	1	FALSE
"sp|P25373|GLRX1_YEAST"	421	0.780783076319105	286	956	0	6	0	1	FALSE
"sp|P25375|PRTD_YEAST"	517	-0.639889254065691	366	846	0	6	0	1	FALSE
"sp|P25379|STDH_YEAST"	548	-0.593394921991726	368	929	0	6	0	1	FALSE
"sp|P25382|NLE1_YEAST"	130	1.71441176643295	60	346	0	6	0	0	FALSE
"sp|P25443|RS2_YEAST"	1020	-0.064797775436592	415	1071	0	6	0	4	FALSE
"sp|P25491|MAS5_YEAST"	366	-0.863044895097403	287	992	0	6	0	0	FALSE
"sp|P25567|SRO9_YEAST"	42	-3.35220340137457	14	130	2	6	0.333333333333333	0	FALSE
"sp|P25582|SPB1_YEAST"	551	-0.588371301528888	110	655	0	6	0	1	FALSE
"sp|P25586|KRR1_YEAST"	448	0.736215237823378	80	986	0	6	0	0	FALSE
"sp|P25605|ILV6_YEAST"	404	-0.805089497531265	266	1027	0	6	0	1	FALSE
"sp|P25694|CDC48_YEAST"	761	0.303441750733419	345	1079	0	6	0	2	FALSE
"sp|P25719|CYPC_YEAST"	463	-0.717649000678766	111	920	0	6	0	0	FALSE
"sp|P25847|MSH2_YEAST"	1047	-0.0376709928896139	309	1047	0	6	0	3	FALSE
"sp|P26321|RL5_YEAST"	155	1.5581457819847	119	353	0	6	0	0	FALSE
"sp|P26637|SYLC_YEAST;sp|Q12165|ATPD_YEAST"	1088	0.00526760640154914	64	1088	0	6	0	3	FALSE
"sp|P26755|RFA3_YEAST"	116	1.78954882894354	46	339	0	6	0	0	FALSE
"sp|P26783|RS5_YEAST"	951	-0.118369066719073	328	1060	0	6	0	3	FALSE
"sp|P26784|RL16A_YEAST"	709	0.363905755153016	237	1051	0	6	0	2	FALSE
"sp|P26785|RL16B_YEAST"	1040	0.0479778573794654	413	1048	0	6	0	3	FALSE
"sp|P26786|RS7A_YEAST"	749	0.315575880396965	187	1066	0	6	0	3	FALSE
"sp|P27476|NSR1_YEAST"	641	-0.454486503002154	422	1064	0	6	0	2	FALSE
"sp|P27514|PHO91_YEAST"	135	1.67757723371895	123	251	0	6	0	0	FALSE
"sp|P27614|CBPS_YEAST"	200	1.37077231479366	146	479	0	6	0	0	FALSE
"sp|P27616|PUR7_YEAST"	179	-1.4452976878574	63	436	0	6	0	0	FALSE
"sp|P27692|SPT5_YEAST"	210	-1.32418772866889	55	569	0	6	0	0	FALSE
"sp|P27809|KRE2_YEAST"	729	-0.339536940049635	324	975	0	6	0	2	FALSE
"sp|P27810|KTR1_YEAST"	362	0.875603032009118	224	1094	0	6	0	0	FALSE
"sp|P28000|RPAC2_YEAST"	503	-0.660116887855697	172	951	0	6	0	1	FALSE
"sp|P28007|GAR1_YEAST"	693	-0.378776454125783	311	1052	0	6	0	1	FALSE
"sp|P28241|IDH2_YEAST"	524	0.629842299356039	132	1027	0	6	0	0	FALSE
"sp|P28272|PYRD_YEAST"	688	0.386367957801399	297	970	0	6	0	2	FALSE
"sp|P28274|URA7_YEAST"	567	-0.563230093838562	328	1012	0	6	0	2	FALSE
"sp|P28319|CWP1_YEAST"	143	1.6253012188796	85	312	0	6	0	0	FALSE
"sp|P28495|CAPZA_YEAST"	931	-0.131811545621506	435	1081	0	6	0	2	FALSE
"sp|P28707|SBA1_YEAST"	621	0.492713408550056	176	1073	0	6	0	1	FALSE
"sp|P28777|AROC_YEAST"	513	-0.644391370369554	410	1095	0	6	0	1	FALSE
"sp|P28834|IDH1_YEAST"	697	-0.375745693011483	460	789	0	6	0	2	FALSE
"sp|P29029|CHIT_YEAST"	933	0.130402063565507	397	1083	0	6	0	2	FALSE
"sp|P29311|BMH1_YEAST"	1073	0.0200180125630971	363	1081	0	6	0	3	FALSE
"sp|P29453|RL8B_YEAST"	491	-0.671894225772725	304	1084	0	6	0	1	FALSE
"sp|P29509|TRXB1_YEAST;sp|P38816|TRXB2_YEAST"	1032	0.0534128761741184	195	1043	0	6	0	3	FALSE
"sp|P29547|EF1G1_YEAST"	381	0.840585380440643	129	878	0	6	0	0	FALSE
"sp|P29704|FDFT_YEAST"	887	-0.176758430602287	374	971	0	6	0	2	FALSE
"sp|P29952|MPI_YEAST"	561	-0.575522639109158	119	1046	0	6	0	0	FALSE
"sp|P30624|LCF1_YEAST"	569	-0.562515672415401	249	990	0	6	0	1	FALSE
"sp|P30656|PSB5_YEAST"	581	0.53917164251682	269	803	0	6	0	1	FALSE
"sp|P30822|XPO1_YEAST"	237	-1.22471420373047	149	584	0	6	0	0	FALSE
"sp|P30902|ATP7_YEAST"	1026	-0.057929679583263	289	1065	0	6	0	4	FALSE
"sp|P31116|DHOM_YEAST"	623	-0.491351691023249	386	1006	0	6	0	1	FALSE
"sp|P31373|CYS3_YEAST"	444	-0.740004503940706	361	679	0	6	0	1	FALSE
"sp|P31382|PMT2_YEAST"	317	-0.994258468820294	120	806	0	6	0	0	FALSE
"sp|P31383|2AAA_YEAST"	321	0.983362336149652	232	995	0	6	0	0	FALSE
"sp|P31412|VATC_YEAST"	764	-0.300003889563179	315	990	0	6	0	2	FALSE
"sp|P31539|HS104_YEAST"	113	-1.81566431718887	82	274	0	6	0	0	FALSE
"sp|P31688|TPS2_YEAST"	453	-0.732123031992848	339	684	0	6	0	1	FALSE
"sp|P31787|ACBP_YEAST"	182	-1.43693271504797	182	326	0	6	0	0	FALSE
"sp|P32074|COPG_YEAST"	485	0.675875938274049	148	1093	0	6	0	0	FALSE
"sp|P32178|CHMU_YEAST"	683	-0.399920225770752	391	989	0	6	0	2	FALSE
"sp|P32179|MET22_YEAST"	942	0.12282910156284	317	994	0	6	0	3	FALSE
"sp|P32263|P5CR_YEAST"	94	-1.9751483797799	94	185	0	6	0	0	FALSE
"sp|P32264|PROB_YEAST"	248	-1.17004282980844	148	776	0	6	0	0	FALSE
"sp|P32288|GLNA_YEAST"	717	-0.354491362054109	75	1038	0	6	0	1	FALSE
"sp|P32324|EF2_YEAST"	298	-1.0489914720305	143	761	0	6	0	0	FALSE
"sp|P32327|PYC2_YEAST"	171	-1.46587725935036	171	344	0	6	0	0	FALSE
"sp|P32337|IMB3_YEAST"	737	0.327244150661291	202	1031	0	6	0	2	FALSE
"sp|P32342|SRP21_YEAST"	866	0.200910875852864	375	1039	0	6	0	3	FALSE
"sp|P32352|ERG2_YEAST"	656	0.42512563411284	182	1011	0	6	0	2	FALSE
"sp|P32366|VA0D_YEAST"	908	-0.155967753345526	390	1032	0	6	0	2	FALSE
"sp|P32368|SAC1_YEAST"	707	-0.36601567867917	186	954	0	6	0	1	FALSE
"sp|P32377|MVD1_YEAST"	923	-0.139127443113541	287	1072	0	6	0	2	FALSE
"sp|P32379|PSA5_YEAST"	273	1.10594912114891	101	766	0	6	0	0	FALSE
"sp|P32381|ARP2_YEAST"	936	0.128452937425411	341	1060	0	6	0	2	FALSE
"sp|P32386|YBT1_YEAST"	152	1.58278445126678	131	324	0	6	0	0	FALSE
"sp|P32445|RIM1_YEAST"	986	0.0967309737715439	473	986	0	6	0	2	FALSE
"sp|P32449|AROG_YEAST"	774	0.288836054652647	302	1071	0	6	0	2	FALSE
"sp|P32453|ATP11_YEAST"	111	-1.81656163287098	54	343	0	6	0	0	FALSE
"sp|P32454|APE2_YEAST"	1015	0.0724692361191537	477	1015	0	6	0	2	FALSE
"sp|P32457|CDC3_YEAST"	19	-4.52146590863972	19	79	0	6	0	0	TRUE
"sp|P32458|CDC11_YEAST"	983	0.098742233649947	311	1079	0	6	0	3	FALSE
"sp|P32463|ACPM_YEAST"	294	-1.05753170632903	225	866	0	6	0	0	FALSE
"sp|P32466|HXT3_YEAST"	960	0.110177128880495	379	1012	0	6	0	3	FALSE
"sp|P32468|CDC12_YEAST"	572	-0.557863803384131	299	1061	0	6	0	2	FALSE
"sp|P32469|DPH5_YEAST"	32	-3.61960472614545	13	103	2	6	0.333333333333333	0	FALSE
"sp|P32471|EF1B_YEAST"	583	0.534945772077846	199	906	0	6	0	1	FALSE
"sp|P32473|ODPB_YEAST"	768	-0.295890316867479	534	798	0	6	0	2	FALSE
"sp|P32476|ERG1_YEAST"	881	0.185521091850905	341	1067	0	6	0	3	FALSE
"sp|P32478|HS150_YEAST"	437	0.754127317144993	82	1058	0	6	0	0	FALSE
"sp|P32481|IF2G_YEAST"	1062	0.0260956690874407	437	1088	0	6	0	3	FALSE
"sp|P32485|HOG1_YEAST;sp|P41808|SMK1_YEAST;sp|Q00772|SLT2_YEAST"	241	1.19756230076698	83	605	0	6	0	0	FALSE
"sp|P32486|KRE6_YEAST"	540	0.605098524736762	156	1043	0	6	0	1	FALSE
"sp|P32495|NHP2_YEAST"	195	-1.38605084525914	99	483	0	6	0	0	FALSE
"sp|P32496|RPN12_YEAST"	473	-0.699037468031453	446	764	0	6	0	1	FALSE
"sp|P32497|EIF3C_YEAST"	897	-0.165595194745641	144	1085	0	6	0	3	FALSE
"sp|P32499|NUP2_YEAST"	409	-0.801095779701121	336	884	0	6	0	1	FALSE
"sp|P32502|EI2BB_YEAST"	110	1.8204499294015	48	347	0	6	0	0	FALSE
"sp|P32521|PAN1_YEAST"	686	-0.392008179558127	127	987	0	6	0	1	FALSE
"sp|P32527|ZUO1_YEAST"	562	-0.567186903995955	360	954	0	6	0	1	FALSE
"sp|P32529|RPA12_YEAST"	1096	0.0014375782700334	496	1096	0	6	0	3	FALSE
"sp|P32558|SPT16_YEAST"	895	0.168962521695378	337	1049	0	6	0	3	FALSE
"sp|P32563|VPH1_YEAST"	7	-6.46392619509409	2	40	4	6	0.666666666666667	0	TRUE
"sp|P32565|RPN2_YEAST;sp|P47169|MET5_YEAST"	672	0.412228506088707	417	899	0	6	0	2	FALSE
"sp|P32568|SNQ2_YEAST;sp|P53756|PDR18_YEAST;sp|Q02785|PDR12_YEAST"	233	1.24300530111605	100	568	0	6	0	0	FALSE
"sp|P32582|CBS_YEAST"	354	-0.896813283670377	224	1095	0	6	0	1	FALSE
"sp|P32583|SRP40_YEAST"	172	1.46510957287115	120	342	0	6	0	0	FALSE
"sp|P32588|PUB1_YEAST"	115	1.79675507493202	65	305	0	6	0	0	FALSE
"sp|P32589|HSP7F_YEAST"	487	-0.674618024776491	390	863	0	6	0	1	FALSE
"sp|P32598|PP12_YEAST"	825	-0.230607643037013	335	1063	0	6	0	2	FALSE
"sp|P32599|FIMB_YEAST;REV__sp|P32599|FIMB_YEAST"	1048	0.0375201850449867	337	1048	0	6	0	2	FALSE
"sp|P32602|SEC17_YEAST"	299	-1.04446001490584	169	882	0	6	0	0	FALSE
"sp|P32610|VATD_YEAST"	1049	0.0369380372773495	279	1049	0	6	0	3	FALSE
"sp|P32614|FRDS_YEAST"	29	3.70428830821131	17	92	1	6	0.166666666666667	0	FALSE
"sp|P32621|GDA1_YEAST"	215	1.29465432759248	187	539	0	6	0	0	FALSE
"sp|P32623|CRH2_YEAST"	163	-1.53038730291452	145	368	0	6	0	0	FALSE
"sp|P32628|RAD23_YEAST"	419	-0.781399405169581	122	852	0	6	0	0	FALSE
"sp|P32771|FADH_YEAST"	813	0.245745356781955	365	848	0	6	0	2	FALSE
"sp|P32787|MG101_YEAST"	52	-2.81707899503969	33	167	0	6	0	0	FALSE
"sp|P32790|SLA1_YEAST"	921	0.14005028039252	415	1062	0	6	0	2	FALSE
"sp|P32791|FRE1_YEAST"	836	-0.220540888147504	265	1072	0	6	0	2	FALSE
"sp|P32802|TMN1_YEAST;sp|Q04562|TMN2_YEAST"	570	0.561576336498694	137	1094	0	6	0	1	FALSE
"sp|P32832|RSC7_YEAST"	191	1.39524986382069	95	563	0	6	0	0	FALSE
"sp|P32835|GSP1_YEAST;sp|P32836|GSP2_YEAST"	783	0.276096547549746	167	1085	0	6	0	2	FALSE
"sp|P32860|NFU1_YEAST"	1018	0.0652510809922067	317	1018	0	6	0	3	FALSE
"sp|P32861|UGPA1_YEAST"	818	0.240368996768938	90	1037	0	6	0	3	FALSE
"sp|P32895|KPR1_YEAST"	103	-1.89066152174556	103	193	0	6	0	0	FALSE
"sp|P32899|IMP3_YEAST"	169	1.4838638098998	56	537	0	6	0	0	FALSE
"sp|P32905|RSSA1_YEAST"	907	0.157173063966432	294	1077	0	6	0	4	FALSE
"sp|P32910|RPC6_YEAST"	650	0.435394322076692	122	1008	0	6	0	1	FALSE
"sp|P32911|SUI1_YEAST"	417	-0.788655543928415	220	1042	0	6	0	0	FALSE
"sp|P32915|SC61A_YEAST"	98	-1.94991044465456	14	387	1	6	0.166666666666667	0	FALSE
"sp|P32939|YPT7_YEAST"	870	-0.19698828733311	530	902	0	6	0	2	FALSE
"sp|P33201|MRT4_YEAST"	877	-0.191520540858562	108	1070	0	6	0	3	FALSE
"sp|P33204|ARPC4_YEAST"	188	1.40511575568684	64	586	0	6	0	0	FALSE
"sp|P33297|PRS6A_YEAST"	270	1.1104083627757	242	753	0	6	0	0	FALSE
"sp|P33298|PRS6B_YEAST"	757	-0.309025450295048	93	1095	0	6	0	3	FALSE
"sp|P33299|PRS7_YEAST"	670	0.413529494412676	124	919	0	6	0	1	FALSE
"sp|P33302|PDR5_YEAST"	358	-0.88371468926374	159	823	0	6	0	0	FALSE
"sp|P33307|CSE1_YEAST"	1097	0.00040168656915038	266	1097	0	6	0	4	FALSE
"sp|P33317|DUT_YEAST"	296	-1.05110951888461	32	839	0	6	0	0	FALSE
"sp|P33322|CBF5_YEAST"	904	-0.158438301241909	172	935	0	6	0	3	FALSE
"sp|P33330|SERC_YEAST"	76	-2.15486588955292	19	301	1	6	0.166666666666667	0	FALSE
"sp|P33331|NTF2_YEAST"	1035	-0.0516345471057584	187	1035	0	6	0	3	FALSE
"sp|P33333|PLSC_YEAST"	822	-0.234298465546967	84	1095	0	6	0	1	FALSE
"sp|P33338|SLA2_YEAST"	109	-1.85225602068591	2	433	1	6	0.166666666666667	0	FALSE
"sp|P33399|LHP1_YEAST"	1024	0.0601914189392813	156	1035	0	6	0	3	FALSE
"sp|P33401|PGM1_YEAST"	127	-1.71982333785719	63	384	0	6	0	0	FALSE
"sp|P33442|RS3A1_YEAST"	320	0.988675943171708	237	897	0	6	0	0	FALSE
"sp|P33734|HIS5_YEAST"	619	0.494703733706292	251	961	0	6	0	1	FALSE
"sp|P33750|DCA13_YEAST"	1069	-0.0216394124396656	406	1069	0	6	0	3	FALSE
"sp|P33767|OSTB_YEAST"	199	-1.37229974596096	72	606	0	6	0	0	FALSE
"sp|P33775|PMT1_YEAST"	538	0.605418799239285	391	793	0	6	0	1	FALSE
"sp|P33892|GCN1_YEAST"	929	0.133799516354541	335	1086	0	6	0	2	FALSE
"sp|P34078|LTV1_YEAST"	617	-0.497364790177722	134	1076	0	6	0	1	FALSE
"sp|P34087|RPB7_YEAST"	711	0.362968899346142	149	1086	0	6	0	2	FALSE
"sp|P34167|IF4B_YEAST"	459	0.720708681201787	55	933	0	6	0	0	FALSE
"sp|P34216|EDE1_YEAST"	229	1.26328241680437	115	594	0	6	0	0	FALSE
"sp|P34223|UBX1_YEAST"	284	-1.07627495825065	76	841	0	6	0	0	FALSE
"sp|P34227|PRX1_YEAST"	571	0.558741593297277	278	900	0	6	0	1	FALSE
"sp|P34241|URB1_YEAST"	347	0.908302542471645	55	858	0	6	0	0	FALSE
"sp|P34253|KTI12_YEAST"	941	-0.123139422162527	276	1089	0	6	0	4	FALSE
"sp|P34730|BMH2_YEAST"	831	-0.225596392030711	277	1042	0	6	0	3	FALSE
"sp|P34760|TSA1_YEAST;sp|Q04120|TSA2_YEAST"	938	-0.127172926277263	534	944	0	6	0	2	FALSE
"sp|P35176|CYPD_YEAST"	967	0.105028811956155	432	1083	0	6	0	2	FALSE
"sp|P35178|RRP1_YEAST"	616	0.497975401750636	286	958	0	6	0	1	FALSE
"sp|P35179|SC61G_YEAST"	865	-0.201024575321439	45	1026	0	6	0	3	FALSE
"sp|P35180|TOM20_YEAST"	703	-0.370966614537032	63	1089	0	6	0	1	FALSE
"sp|P35184|SQT1_YEAST"	209	1.33803795983765	85	604	0	6	0	0	FALSE
"sp|P35189|TAF14_YEAST"	1054	-0.0332471312788426	313	1077	0	6	0	4	FALSE
"sp|P35197|GCS1_YEAST"	758	-0.304391170154148	203	1071	0	6	0	2	FALSE
"sp|P35691|TCTP_YEAST"	777	-0.287211544185993	247	981	0	6	0	1	FALSE
"sp|P35719|MRP8_YEAST"	898	-0.163781467566695	290	1066	0	6	0	2	FALSE
"sp|P35723|YET1_YEAST"	16	-4.598157334311	9	76	2	6	0.333333333333333	0	TRUE
"sp|P35732|DEF1_YEAST"	365	-0.865777694206379	95	925	0	6	0	0	FALSE
"sp|P35844|KES1_YEAST"	399	-0.81287776322973	143	892	0	6	0	0	FALSE
"sp|P38711|RS27B_YEAST;sp|P35997|RS27_YEAST"	663	-0.418353965013895	143	1003	0	6	0	2	FALSE
"sp|P36008|EF1G2_YEAST"	478	0.690328370194479	93	1020	0	6	0	0	FALSE
"sp|P36010|NDK_YEAST"	784	-0.276081253228262	92	1006	0	6	0	3	FALSE
"sp|P36013|MAOM_YEAST"	57	-2.67474003314032	45	145	0	6	0	0	FALSE
"sp|P36015|YKT6_YEAST"	220	-1.28211671453096	81	512	0	6	0	0	FALSE
"sp|P36016|LHS1_YEAST"	1000	-0.0878862727893484	118	1069	0	6	0	4	FALSE
"sp|P36017|VPS21_YEAST"	584	0.534024534108212	156	1096	0	6	0	1	FALSE
"sp|P36018|YPT52_YEAST;sp|P36019|YPT53_YEAST"	133	1.68655512908832	122	317	0	6	0	0	FALSE
"sp|P36046|MIA40_YEAST"	206	1.34537962096315	176	461	0	6	0	0	FALSE
"sp|P36049|EBP2_YEAST"	484	-0.67988566148299	98	1000	0	6	0	1	FALSE
"sp|P36051|MCD4_YEAST"	728	-0.340959913751339	408	1020	0	6	0	2	FALSE
"sp|P36060|MCR1_YEAST"	961	0.109699619992937	454	961	0	6	0	2	FALSE
"sp|P36105|RL14A_YEAST"	862	0.203037099718039	318	901	0	6	0	2	FALSE
"sp|P36114|YKR18_YEAST"	121	1.76499761923383	59	347	0	6	0	0	FALSE
"sp|P36136|SHB17_YEAST"	164	-1.52603939667884	160	296	0	6	0	0	FALSE
"sp|P36152|DRE2_YEAST"	189	-1.40386796079508	178	405	0	6	0	0	FALSE
"sp|P36160|RPF2_YEAST"	585	0.533988498545247	97	1007	0	6	0	1	FALSE
"sp|P36421|SYYC_YEAST"	925	-0.136146204366379	438	1073	0	6	0	2	FALSE
"sp|P37262|SOL2_YEAST;sp|P50278|SOL1_YEAST"	224	-1.27431951525951	189	570	0	6	0	0	FALSE
"sp|P37263|YC16_YEAST"	64	-2.528115525098	33	175	0	6	0	0	FALSE
"sp|P37291|GLYC_YEAST"	510	-0.648435981491671	188	1094	0	6	0	0	FALSE
"sp|P37292|GLYM_YEAST"	884	-0.179582549936714	491	919	0	6	0	2	FALSE
"sp|P37302|APE3_YEAST"	920	0.141118614975857	224	1013	0	6	0	3	FALSE
"sp|P37303|GLY1_YEAST"	479	-0.689631977511438	95	1083	0	6	0	0	FALSE
"sp|P37838|NOP4_YEAST"	817	-0.242353616625854	251	1034	0	6	0	3	FALSE
"sp|P37898|AAP1_YEAST"	778	0.286634757382911	282	959	0	6	0	2	FALSE
"sp|P38009|PUR92_YEAST"	638	0.462173611142573	304	968	0	6	0	1	FALSE
"sp|P38011|GBLP_YEAST"	157	-1.54284198415881	64	406	0	6	0	0	FALSE
"sp|P38013|AHP1_YEAST"	1081	-0.0123591231766082	357	1081	0	6	0	4	FALSE
"sp|P38061|RL32_YEAST"	837	0.220143859818963	381	960	0	6	0	2	FALSE
"sp|P38071|ETR1_YEAST"	1034	0.0524031005837005	218	1034	0	6	0	3	FALSE
"sp|P38075|PDX3_YEAST"	810	0.248966368080691	204	1051	0	6	0	3	FALSE
"sp|P38077|ATPG_YEAST"	373	0.854719812161325	137	968	0	6	0	0	FALSE
"sp|P38088|SYG_YEAST"	843	0.217026705063864	81	1045	0	6	0	3	FALSE
"sp|P38115|ARA1_YEAST"	364	-0.871109309732939	150	915	0	6	0	0	FALSE
"sp|P38116|ARL1_YEAST"	679	0.402525122866724	202	932	0	6	0	1	FALSE
"sp|P38130|KTR3_YEAST"	438	0.752962275806314	135	971	0	6	0	0	FALSE
"sp|P38137|FAT2_YEAST"	716	0.355962411687007	235	1016	0	6	0	2	FALSE
"sp|P38143|GPX2_YEAST"	301	1.03995300633365	242	839	0	6	0	0	FALSE
"sp|P38144|ISW1_YEAST"	826	0.23029486024902	179	1087	0	6	0	1	FALSE
"sp|P38174|MAP2_YEAST"	166	1.49534735399947	17	550	1	6	0.166666666666667	0	FALSE
"sp|P38197|YBD6_YEAST"	246	1.18009147455236	183	584	0	6	0	0	FALSE
"sp|P38199|HEK2_YEAST"	594	0.525250295884726	124	1058	0	6	0	0	FALSE
"sp|P38203|LSM2_YEAST"	10	5.6084224595685	10	41	4	6	0.666666666666667	0	TRUE
"sp|P38205|NCL1_YEAST"	355	0.893497187327418	15	900	1	6	0.166666666666667	0	FALSE
"sp|P38217|IMB2_YEAST"	242	-1.18639315991526	242	336	0	6	0	0	FALSE
"sp|P38219|OLA1_YEAST"	427	-0.769470971173374	250	1061	0	6	0	1	FALSE
"sp|P38237|UBP14_YEAST"	423	-0.779059790561729	98	940	0	6	0	0	FALSE
"sp|P38248|ECM33_YEAST"	987	0.0963144832717454	151	1044	0	6	0	3	FALSE
"sp|P38249|EIF3A_YEAST"	993	0.09326623260855	142	1003	0	6	0	3	FALSE
"sp|P38250|IST2_YEAST"	636	0.467770500752359	250	1072	0	6	0	1	FALSE
"sp|P38256|YBU6_YEAST"	140	1.66018684131789	63	414	0	6	0	0	FALSE
"sp|P38260|FES1_YEAST"	259	-1.14782499071854	163	672	0	6	0	0	FALSE
"sp|P38264|PHO88_YEAST"	760	-0.303712347775121	240	1053	0	6	0	2	FALSE
"sp|P38281|APD1_YEAST"	543	0.598718156297488	13	1073	1	6	0.166666666666667	1	FALSE
"sp|P38286|MKAR_YEAST"	601	-0.516084098852939	375	943	0	6	0	1	FALSE
"sp|P38288|TOS1_YEAST"	755	0.309819426034274	377	1071	0	6	0	2	FALSE
"sp|P38295|MCFS2_YEAST"	84	2.04492752298135	1	378	1	6	0.166666666666667	0	FALSE
"sp|P38328|ARPC1_YEAST"	139	1.6611266784189	84	362	0	6	0	0	FALSE
"sp|P38333|ENP1_YEAST"	957	0.111252394426119	192	1059	0	6	0	3	FALSE
"sp|P38353|SSH1_YEAST"	989	-0.0948509941064385	459	1078	0	6	0	2	FALSE
"sp|P38426|TPS3_YEAST"	642	0.452178404704251	151	1063	0	6	0	1	FALSE
"sp|P38431|IF5_YEAST"	935	-0.128636040914685	38	1056	0	6	0	1	FALSE
"sp|P38523|GRPE_YEAST"	869	-0.199122054973742	396	988	0	6	0	2	FALSE
"sp|P38555|YPT31_YEAST;sp|P51996|YPT32_YEAST"	661	-0.418594371051679	370	1050	0	6	0	2	FALSE
"sp|P38623|RCK2_YEAST"	46	-2.93069243612739	21	174	0	6	0	0	FALSE
"sp|P38625|GUAA_YEAST"	192	-1.394719976087	112	483	0	6	0	0	FALSE
"sp|P38626|NCB5R_YEAST"	137	1.66814013834562	20	438	1	6	0.166666666666667	0	FALSE
"sp|P38627|URA8_YEAST"	69	-2.33088916395213	55	161	0	6	0	0	FALSE
"sp|P38631|FKS1_YEAST;sp|Q04952|FKS3_YEAST"	738	-0.324923930918012	298	962	0	6	0	2	FALSE
"sp|P38682|GLO3_YEAST"	667	0.416243046239932	62	1032	0	6	0	1	FALSE
"sp|P38687|SRP68_YEAST"	406	-0.804145327315531	121	903	0	6	0	0	FALSE
"sp|P38688|SRP72_YEAST"	267	1.13164800546388	153	708	0	6	0	0	FALSE
"sp|P38689|KPR3_YEAST"	746	-0.317978387679752	6	998	1	6	0.166666666666667	2	FALSE
"sp|P38694|MSC7_YEAST"	1009	0.0750271883422394	241	1089	0	6	0	4	FALSE
"sp|P38697|IMDH2_YEAST"	953	-0.116552008101238	421	953	0	6	0	2	FALSE
"sp|P38701|RS20_YEAST"	78	2.14853981131123	78	195	0	6	0	0	FALSE
"sp|P38707|SYNC_YEAST"	223	-1.27478253257728	154	537	0	6	0	0	FALSE
"sp|P38708|YHI0_YEAST"	1060	-0.027218005091324	391	1060	0	6	0	3	FALSE
"sp|P38715|GRE3_YEAST"	445	-0.73975159595982	105	969	0	6	0	0	FALSE
"sp|P38720|6PGD1_YEAST;sp|P53319|6PGD2_YEAST"	604	-0.511530734128129	327	1022	0	6	0	1	FALSE
"sp|P38737|ECM29_YEAST"	979	0.0996328157531715	397	985	0	6	0	3	FALSE
"sp|P38755|OSH7_YEAST"	609	0.507877870660213	119	1062	0	6	0	0	FALSE
"sp|P38764|RPN1_YEAST"	1093	0.00338028988902295	162	1093	0	6	0	3	FALSE
"sp|P38777|FSH1_YEAST"	649	-0.43918058190363	183	982	0	6	0	2	FALSE
"sp|P38779|CIC1_YEAST"	392	-0.818009063458286	138	1049	0	6	0	1	FALSE
"sp|P38787|PANE_YEAST"	655	-0.427555056530704	184	1042	0	6	0	2	FALSE
"sp|P38788|SSZ1_YEAST"	326	0.97424217248916	203	924	0	6	0	0	FALSE
"sp|P38791|DHYS_YEAST"	146	-1.60987739261503	99	315	0	6	0	0	FALSE
"sp|P38792|RRP4_YEAST"	167	-1.49344055047822	167	331	0	6	0	0	FALSE
"sp|P38793|TRM5_YEAST"	879	0.188299724936368	200	969	0	6	0	3	FALSE
"sp|P38795|NADE_YEAST"	71	-2.31810480358832	51	178	0	6	0	0	FALSE
"sp|P38805|RPF1_YEAST"	372	-0.857774556413759	44	964	0	6	0	0	FALSE
"sp|P38810|SFB3_YEAST"	699	0.373310755963584	234	1086	0	6	0	1	FALSE
"sp|P38817|GGA2_YEAST"	387	-0.827675211097101	231	971	0	6	0	1	FALSE
"sp|P38825|TOM71_YEAST"	227	-1.265671470978	111	535	0	6	0	0	FALSE
"sp|P38840|ARO9_YEAST"	767	-0.296229385747555	244	1055	0	6	0	2	FALSE
"sp|P38845|CRP1_YEAST"	462	-0.717918752620771	44	993	0	6	0	0	FALSE
"sp|P38858|SOL3_YEAST"	371	-0.8579037743147	18	892	1	6	0.166666666666667	0	FALSE
"sp|P38861|NMD3_YEAST"	673	-0.410645201688999	435	1035	0	6	0	1	FALSE
"sp|P38879|NACA_YEAST"	806	0.253572294655307	287	1050	0	6	0	2	FALSE
"sp|P38882|UTP9_YEAST"	235	1.22777122891053	197	332	0	6	0	0	FALSE
"sp|P38886|RPN10_YEAST"	868	-0.199611306997552	340	889	0	6	0	2	FALSE
"sp|P38891|BCA1_YEAST"	388	-0.824992528702556	388	802	0	6	0	1	FALSE
"sp|P38910|CH10_YEAST"	120	-1.7659818944813	52	342	0	6	0	0	FALSE
"sp|P38911|FKBP3_YEAST"	253	-1.15352256267865	120	614	0	6	0	0	FALSE
"sp|P38912|IF1A_YEAST"	782	-0.280758940871229	288	1082	0	6	0	3	FALSE
"sp|P38934|BFR1_YEAST"	715	-0.357996353485894	370	1075	0	6	0	1	FALSE
"sp|P38968|SEC31_YEAST"	1033	0.0533725773290114	141	1048	0	6	0	3	FALSE
"sp|P38972|PUR4_YEAST"	675	-0.404461753072382	332	943	0	6	0	2	FALSE
"sp|P38985|SRP14_YEAST"	105	-1.87871636194692	41	358	0	6	0	0	FALSE
"sp|P38986|ASPG1_YEAST"	660	0.420341371355407	7	1079	1	6	0.166666666666667	2	FALSE
"sp|P38993|FET3_YEAST"	900	-0.162150919404149	404	977	0	6	0	2	FALSE
"sp|P38998|LYS1_YEAST"	685	0.394047732244328	250	1091	0	6	0	1	FALSE
"sp|P38999|LYS9_YEAST"	23	-4.14308062954237	23	63	0	6	0	0	FALSE
"sp|P39004|HXT7_YEAST;sp|P39003|HXT6_YEAST"	745	-0.318543403774642	253	1084	0	6	0	1	FALSE
"sp|P39007|STT3_YEAST"	779	0.285853350879491	387	917	0	6	0	2	FALSE
"sp|P39010|AKR1_YEAST"	997	0.0906198003369869	179	1068	0	6	0	3	FALSE
"sp|P39015|STM1_YEAST"	753	0.313788381693462	212	1018	0	6	0	1	FALSE
"sp|P39076|TCPB_YEAST"	940	0.124294216856723	402	1079	0	6	0	3	FALSE
"sp|P39077|TCPG_YEAST"	1004	-0.0805714066695108	365	1088	0	6	0	2	FALSE
"sp|P39078|TCPD_YEAST"	1065	-0.0257058958190638	39	1065	0	6	0	3	FALSE
"sp|P39079|TCPZ_YEAST"	527	0.621632686062328	231	959	0	6	0	1	FALSE
"sp|P39101|CAJ1_YEAST"	726	0.344337503268566	201	1086	0	6	0	1	FALSE
"sp|P39105|PLB1_YEAST"	55	2.73600120960098	12	193	1	6	0.166666666666667	0	FALSE
"sp|P39109|YCFI_YEAST"	102	-1.90018864380669	91	238	0	6	0	0	FALSE
"sp|P39111|VATF_YEAST"	303	1.03707710639295	74	817	0	6	0	0	FALSE
"sp|P39516|RS14B_YEAST"	794	-0.265266168091658	450	912	0	6	0	2	FALSE
"sp|P39517|DHH1_YEAST"	122	-1.75320497811394	122	221	0	6	0	0	FALSE
"sp|P39522|ILV3_YEAST"	341	-0.920170177581251	133	845	0	6	0	0	FALSE
"sp|P39533|ACON2_YEAST"	238	-1.223529817529	44	728	0	6	0	0	FALSE
"sp|P39676|FHP_YEAST"	154	-1.56368590211032	34	471	0	6	0	0	FALSE
"sp|P39683|NPT1_YEAST"	939	0.125198927346879	181	1097	0	6	0	4	FALSE
"sp|P39704|ERP2_YEAST"	772	-0.292104038114781	153	1035	0	6	0	2	FALSE
"sp|P39715|ECM1_YEAST"	850	0.211172811165514	367	1044	0	6	0	3	FALSE
"sp|P39727|ERV46_YEAST"	304	-1.03332892450844	150	889	0	6	0	0	FALSE
"sp|P39729|RBG1_YEAST"	54	-2.74905803235321	42	130	0	6	0	0	FALSE
"sp|P39730|IF2P_YEAST"	803	-0.254505723608006	347	1072	0	6	0	3	FALSE
"sp|P39743|RV167_YEAST"	536	-0.606587581879951	146	1011	0	6	0	0	FALSE
"sp|P39744|NOC2_YEAST"	187	1.41238764489134	88	567	0	6	0	0	FALSE
"sp|P39926|SSO2_YEAST;sp|P32867|SSO1_YEAST"	878	0.191098128062321	300	1082	0	6	0	3	FALSE
"sp|P39929|SNF7_YEAST"	346	-0.908312784655815	272	1003	0	6	0	0	FALSE
"sp|P39931|SS120_YEAST"	792	-0.267068518990031	543	853	0	6	0	2	FALSE
"sp|P39935|IF4F1_YEAST"	922	-0.139574651067882	254	1033	0	6	0	3	FALSE
"sp|P39938|RS26A_YEAST;sp|P39939|RS26B_YEAST"	727	-0.343578504957557	302	1021	0	6	0	2	FALSE
"sp|P39940|RSP5_YEAST"	411	-0.798285776773819	290	882	0	6	0	1	FALSE
"sp|P39954|SAHH_YEAST"	591	-0.526486969023499	50	1075	0	6	0	0	FALSE
"sp|P39958|GDI1_YEAST"	1066	-0.0245682028348816	139	1066	0	6	0	3	FALSE
"sp|P39966|PP2C2_YEAST"	174	1.45928879805254	103	454	0	6	0	0	FALSE
"sp|P39976|DLD3_YEAST"	1080	0.012925710719782	144	1080	0	6	0	3	FALSE
"sp|P39985|DPO5_YEAST"	439	-0.751916017640919	345	711	0	6	0	1	FALSE
"sp|P39986|ATC6_YEAST"	96	1.96862590108706	84	257	0	6	0	0	FALSE
"sp|P39990|SNU13_YEAST"	776	-0.288234417204043	215	1056	0	6	0	2	FALSE
"sp|P40005|PFD2_YEAST"	819	-0.238630054855795	423	993	0	6	0	2	FALSE
"sp|P40008|FMP52_YEAST"	432	-0.759004593884473	117	964	0	6	0	0	FALSE
"sp|P40010|NUG1_YEAST"	351	0.901967011828914	105	855	0	6	0	0	FALSE
"sp|P40016|RPN3_YEAST"	433	-0.758570724956622	84	932	0	6	0	0	FALSE
"sp|P40024|ARB1_YEAST"	924	-0.139008098957993	353	1055	0	6	0	3	FALSE
"sp|P40032|TPA1_YEAST"	97	-1.96432153059565	33	303	0	6	0	0	FALSE
"sp|P40037|HMF1_YEAST"	596	-0.522825763381956	128	1079	0	6	0	2	FALSE
"sp|P40040|THO1_YEAST"	150	1.58805449217895	101	384	0	6	0	0	FALSE
"sp|P40043|RGI1_YEAST"	393	-0.816656771584786	65	877	0	6	0	0	FALSE
"sp|P40047|ALDH5_YEAST"	889	-0.174152696641241	189	941	0	6	0	2	FALSE
"sp|P40053|AIM9_YEAST"	522	0.632681540455876	430	933	0	6	0	1	FALSE
"sp|P40054|SERA_YEAST"	480	0.687994464399499	165	1047	0	6	0	0	FALSE
"sp|P40055|UTP7_YEAST"	631	0.474857345134548	244	1063	0	6	0	1	FALSE
"sp|P40066|GLE2_YEAST"	962	-0.109674378247178	482	981	0	6	0	2	FALSE
"sp|P40069|IMB4_YEAST"	123	1.74728572348348	103	335	0	6	0	0	FALSE
"sp|P40070|LSM4_YEAST"	161	-1.53755018712016	74	465	0	6	0	0	FALSE
"sp|P40075|SCS2_YEAST"	646	-0.444420173024958	284	1097	0	6	0	2	FALSE
"sp|P40078|NSA2_YEAST"	504	-0.660062998828528	177	993	0	6	0	1	FALSE
"sp|P40093|YEY6_YEAST"	288	1.06935858547172	288	789	0	6	0	0	FALSE
"sp|P40096|NCB1_YEAST"	456	0.725384900502368	57	964	0	6	0	0	FALSE
"sp|P40106|GPP2_YEAST"	1039	-0.0480440651659204	197	1039	0	6	0	2	FALSE
"sp|P40150|HSP76_YEAST"	724	0.348220807617805	241	957	0	6	0	2	FALSE
"sp|P40160|RIO2_YEAST"	1056	0.0322168444727476	399	1056	0	6	0	3	FALSE
"sp|P40185|MMF1_YEAST"	840	-0.217574418034402	318	1080	0	6	0	3	FALSE
"sp|P40202|CCS1_YEAST"	323	0.981358417852793	65	833	0	6	0	0	FALSE
"sp|P40212|RL13B_YEAST"	799	-0.259342589323963	345	961	0	6	0	2	FALSE
"sp|P40215|NDH1_YEAST"	90	2.01186852314328	33	305	0	6	0	0	FALSE
"sp|P40217|EIF3I_YEAST"	501	-0.660603532208027	300	968	0	6	0	1	FALSE
"sp|P40302|PSA6_YEAST"	138	-1.66186534062267	77	325	0	6	0	0	FALSE
"sp|P40303|PSA4_YEAST"	975	-0.101182263189373	356	1031	0	6	0	2	FALSE
"sp|P40319|ELO3_YEAST"	612	-0.504914956995439	170	984	0	6	0	1	FALSE
"sp|P40327|PRS4_YEAST"	312	-1.01076127511228	227	838	0	6	0	0	FALSE
"sp|P40413|TCPE_YEAST"	574	0.555352658542166	233	1074	0	6	0	1	FALSE
"sp|P40414|TPM2_YEAST"	901	0.160522123433218	420	1061	0	6	0	2	FALSE
"sp|P40462|TM108_YEAST"	947	-0.120532613023866	398	991	0	6	0	2	FALSE
"sp|P40477|NU159_YEAST"	971	-0.103710426262189	347	1003	0	6	0	3	FALSE
"sp|P40482|SEC24_YEAST;sp|P53953|SFB2_YEAST"	735	-0.329694486146631	198	1062	0	6	0	2	FALSE
"sp|P40495|LYS12_YEAST"	678	0.402763167907035	134	1048	0	6	0	2	FALSE
"sp|P40509|COPE_YEAST"	1063	-0.0259657866143818	136	1063	0	6	0	2	FALSE
"sp|P40510|SER33_YEAST"	526	-0.62276650467295	412	861	0	6	0	1	FALSE
"sp|P40513|MAM33_YEAST"	890	-0.172555648389939	417	1087	0	6	0	2	FALSE
"sp|P40516|SEE1_YEAST"	477	-0.693560130665855	177	1018	0	6	0	1	FALSE
"sp|P40517|YRB2_YEAST"	114	-1.80722877289761	22	392	0	6	0	0	FALSE
"sp|P40518|ARPC5_YEAST"	119	-1.76653273471612	84	341	0	6	0	0	FALSE
"sp|P87262|RL34A_YEAST;sp|P40525|RL34B_YEAST"	639	0.460680370688973	235	1005	0	6	0	2	FALSE
"sp|P40531|GVP36_YEAST"	750	-0.315363707884766	226	984	0	6	0	2	FALSE
"sp|P40541|SCC3_YEAST"	1092	0.00366680618245943	426	1092	0	6	0	4	FALSE
"sp|P40581|GPX3_YEAST"	228	1.26345847278427	92	600	0	6	0	0	FALSE
"sp|P40582|GST1_YEAST"	450	-0.734298490438122	240	1007	0	6	0	0	FALSE
"sp|P40693|RLP7_YEAST"	722	-0.34912846014032	335	1018	0	6	0	2	FALSE
"sp|P40825|SYA_YEAST"	1087	0.00552125532116155	67	1087	0	6	0	4	FALSE
"sp|P40893|REE1_YEAST"	626	0.485880556320988	141	1084	0	6	0	0	FALSE
"sp|P40961|PHB1_YEAST"	871	0.195570691984119	243	1037	0	6	0	3	FALSE
"sp|P40970|LCB2_YEAST"	281	1.0782647725972	243	863	0	6	0	0	FALSE
"sp|P40991|NOP2_YEAST"	467	-0.711984118878262	177	1073	0	6	0	1	FALSE
"sp|P41056|RL33B_YEAST"	283	-1.0764426627193	157	716	0	6	0	0	FALSE
"sp|P41057|RS29A_YEAST"	771	-0.29394133463166	285	1004	0	6	0	2	FALSE
"sp|P41058|RS29B_YEAST"	798	-0.260554426511847	349	999	0	6	0	2	FALSE
"sp|P41277|GPP1_YEAST"	556	-0.577768630895576	30	1029	0	6	0	0	FALSE
"sp|P41338|THIL_YEAST"	31	-3.6226849661494	30	102	0	6	0	0	FALSE
"sp|P41805|RL10_YEAST"	394	-0.816329638974813	268	844	0	6	0	1	FALSE
"sp|P41807|VATH_YEAST"	447	0.738786821647622	312	683	0	6	0	1	FALSE
"sp|P41810|COPB_YEAST"	282	1.07667005598782	38	792	0	6	0	0	FALSE
"sp|P41811|COPB2_YEAST"	713	0.359268617570995	280	980	0	6	0	2	FALSE
"sp|P41819|DIM1_YEAST"	425	0.775943322692058	237	939	0	6	0	1	FALSE
"sp|P41911|GPD2_YEAST"	225	-1.27150706051484	18	657	1	6	0.166666666666667	0	FALSE
"sp|P41920|YRB1_YEAST"	514	0.643540327036924	104	1058	0	6	0	1	FALSE
"sp|P41921|GSHR_YEAST"	186	-1.41794874379596	174	400	0	6	0	0	FALSE
"sp|P41940|MPG1_YEAST"	1061	0.0262891857128886	299	1061	0	6	0	3	FALSE
"sp|P42838|LEM3_YEAST"	295	1.05653161610751	180	801	0	6	0	0	FALSE
"sp|P42842|EMW1_YEAST"	682	-0.401380105192051	240	1076	0	6	0	2	FALSE
"sp|P42846|KRI1_YEAST"	520	-0.636504098556397	39	1023	0	6	0	0	FALSE
"sp|P42940|ETFB_YEAST"	725	-0.34496298988998	275	926	0	6	0	2	FALSE
"sp|P42941|SERB_YEAST"	37	-3.46222268260031	15	83	1	6	0.166666666666667	0	FALSE
"sp|P42942|YG4I_YEAST"	261	1.14684809562759	175	718	0	6	0	0	FALSE
"sp|P42943|TCPH_YEAST"	833	-0.223953315200927	182	948	0	6	0	2	FALSE
"sp|P42945|UTP10_YEAST"	390	0.822154262783851	85	885	0	6	0	0	FALSE
"sp|P43123|UAP1_YEAST"	332	0.940449022118158	113	795	0	6	0	0	FALSE
"sp|P43535|GCN20_YEAST"	168	-1.48535753376851	47	482	0	6	0	0	FALSE
"sp|P43555|EMP47_YEAST"	471	0.705346807054869	57	1079	0	6	0	0	FALSE
"sp|P43561|FET5_YEAST"	932	-0.131582046137885	213	934	0	6	0	3	FALSE
"sp|P43577|GNA1_YEAST"	705	0.368671267167925	238	1090	0	6	0	1	FALSE
"sp|P43585|VTC2_YEAST"	359	-0.882229234852327	236	1054	0	6	0	0	FALSE
"sp|P43586|LOC1_YEAST"	666	0.416572273208952	382	1023	0	6	0	1	FALSE
"sp|P43588|RPN11_YEAST"	162	-1.53129761809181	3	567	1	6	0.166666666666667	0	FALSE
"sp|P43590|YFH6_YEAST"	232	-1.2460518659007	3	666	1	6	0.166666666666667	0	FALSE
"sp|P43593|UBP6_YEAST"	804	-0.254189669369249	157	1081	0	6	0	3	FALSE
"sp|P43603|LSB3_YEAST;sp|P32793|YSC84_YEAST"	534	0.611222026135866	154	1022	0	6	0	0	FALSE
"sp|P43609|RSC8_YEAST"	176	-1.45064867163435	36	516	0	6	0	0	FALSE
"sp|P43616|DUG1_YEAST"	1036	-0.0513403040872191	365	1036	0	6	0	3	FALSE
"sp|P43621|COPD_YEAST"	1090	0.00447857985632988	194	1090	0	6	0	3	FALSE
"sp|P45978|SCD6_YEAST"	63	-2.56145424883305	37	148	0	6	0	0	FALSE
"sp|P46367|ALDH4_YEAST"	821	-0.237859204814227	219	1085	0	6	0	4	FALSE
"sp|P46654|RSSA2_YEAST"	360	-0.879428124531428	153	823	0	6	0	0	FALSE
"sp|P46655|SYEC_YEAST"	830	0.227856664145216	286	968	0	6	0	2	FALSE
"sp|P46672|ARC1_YEAST"	1074	-0.0197273716111131	388	1085	0	6	0	3	FALSE
"sp|P46683|YAR1_YEAST"	893	0.169632044793878	202	945	0	6	0	3	FALSE
"sp|P46985|MNN11_YEAST"	441	-0.749874653809627	46	932	0	6	0	0	FALSE
"sp|P46989|ATG27_YEAST"	847	-0.214207702796973	43	1081	0	6	0	3	FALSE
"sp|P46990|RL17B_YEAST"	952	0.11683173587842	360	982	0	6	0	3	FALSE
"sp|P47001|CIS3_YEAST"	314	-1.00618655059596	58	736	0	6	0	0	FALSE
"sp|P47018|MTC1_YEAST"	963	0.108851153065507	445	1076	0	6	0	3	FALSE
"sp|P47035|NET1_YEAST"	221	1.27927651111905	36	673	0	6	0	0	FALSE
"sp|P47047|MTR4_YEAST"	509	-0.651492820759426	210	1083	0	6	0	0	FALSE
"sp|P47068|BBC1_YEAST"	483	-0.680680751376702	360	735	0	6	0	1	FALSE
"sp|P47075|VTC4_YEAST"	512	0.645131681537514	313	771	0	6	0	1	FALSE
"sp|P47079|TCPQ_YEAST"	145	-1.61086700804544	85	433	0	6	0	0	FALSE
"sp|P47089|DENR_YEAST"	499	0.662352173675774	252	1027	0	6	0	1	FALSE
"sp|P47096|3HAO_YEAST"	946	0.120952136236897	301	1091	0	6	0	3	FALSE
"sp|P47117|ARP3_YEAST"	930	-0.13303594174499	213	1068	0	6	0	3	FALSE
"sp|P47119|ITPA_YEAST"	368	-0.861618097299296	116	881	0	6	0	0	FALSE
"sp|P47120|DOHH_YEAST"	954	-0.116175369956481	219	1028	0	6	0	2	FALSE
"sp|P47122|GPN1_YEAST"	834	-0.223352689593454	391	1001	0	6	0	1	FALSE
"sp|P47143|ADK_YEAST"	202	-1.37032277410561	175	470	0	6	0	0	FALSE
"sp|P47154|STE24_YEAST"	434	0.75846191115169	121	943	0	6	0	0	FALSE
"sp|P47160|ENT3_YEAST"	595	0.525028837120824	293	958	0	6	0	1	FALSE
"sp|P47176|BCA2_YEAST"	173	-1.46101450712534	114	422	0	6	0	0	FALSE
"sp|P47912|LCF4_YEAST"	129	-1.71562629051792	27	423	0	6	0	0	FALSE
"sp|P48164|RS7B_YEAST"	379	-0.846446817232126	211	1077	0	6	0	1	FALSE
"sp|P48231|TCB2_YEAST"	400	-0.812732167411596	195	1059	0	6	0	0	FALSE
"sp|P48234|NOL10_YEAST"	324	0.979880677734175	270	1093	0	6	0	0	FALSE
"sp|P48415|SEC16_YEAST"	542	-0.6014990649136	168	1044	0	6	0	1	FALSE
"sp|P48439|OST3_YEAST"	546	0.595685192429486	316	735	0	6	0	1	FALSE
"sp|P48570|HOSC_YEAST"	465	0.714413744009059	285	959	0	6	0	1	FALSE
"sp|P48589|RS12_YEAST"	47	-2.92686172489513	32	112	0	6	0	0	FALSE
"sp|P48606|TBCA_YEAST"	602	-0.514509080203121	279	1051	0	6	0	1	FALSE
"sp|P48836|VATG_YEAST"	280	1.07985420048131	99	693	0	6	0	0	FALSE
"sp|P48837|NUP57_YEAST"	521	0.636125627208706	76	1091	0	6	0	1	FALSE
"sp|P49089|ASNS1_YEAST"	928	-0.133836681882553	308	928	0	6	0	2	FALSE
"sp|P49090|ASNS2_YEAST"	306	-1.03256254944862	92	682	0	6	0	0	FALSE
"sp|P49166|RL37A_YEAST"	481	0.687607638648115	130	1032	0	6	0	0	FALSE
"sp|P49167|RL38_YEAST"	558	-0.576887342300752	52	1082	0	6	0	0	FALSE
"sp|P49334|TOM22_YEAST"	549	-0.592174735046408	433	891	0	6	0	1	FALSE
"sp|P49367|LYS4_YEAST"	81	2.1117538142909	14	293	1	6	0.166666666666667	0	FALSE
"sp|P49435|APT1_YEAST"	88	-2.02920240785228	59	261	0	6	0	0	FALSE
"sp|P49573|CTR1_YEAST"	344	0.914714991844454	58	779	0	6	0	0	FALSE
"sp|P49626|RL4B_YEAST"	654	0.429243705972777	61	1054	0	6	0	1	FALSE
"sp|P49723|RIR4_YEAST"	702	0.371132969598804	69	952	0	6	0	1	FALSE
"sp|P50085|PHB2_YEAST"	557	0.577599837527243	131	978	0	6	0	1	FALSE
"sp|P50094|IMDH4_YEAST;sp|O42831|YA075_YEAST"	790	-0.2690507586081	233	1049	0	6	0	3	FALSE
"sp|P50095|IMDH3_YEAST"	1079	-0.0173679498136729	352	1079	0	6	0	3	FALSE
"sp|P50107|LGUL_YEAST"	251	1.15834031936273	234	623	0	6	0	0	FALSE
"sp|P50861|RIB4_YEAST"	325	-0.974852750184739	21	807	0	6	0	0	FALSE
"sp|P51402|RL37B_YEAST"	956	-0.112981338111083	190	1047	0	6	0	3	FALSE
"sp|P51601|GCH1_YEAST"	824	-0.230799710812152	197	1069	0	6	0	2	FALSE
"sp|P52553|PFD6_YEAST"	523	-0.630471359978902	262	787	0	6	0	1	FALSE
"sp|P52870|SC6B1_YEAST"	743	0.320789768382169	200	1038	0	6	0	2	FALSE
"sp|P52871|SC6B2_YEAST"	1078	-0.0175778176939396	478	1078	0	6	0	3	FALSE
"sp|P52910|ACS2_YEAST"	651	-0.43528210914622	361	1045	0	6	0	2	FALSE
"sp|P53011|SEH1_YEAST"	608	0.508807937520953	455	1019	0	6	0	1	FALSE
"sp|P53043|PPT1_YEAST"	198	1.37380236700163	6	613	1	6	0.166666666666667	0	FALSE
"sp|P53066|YGZ2_YEAST"	796	-0.264122331002067	482	848	0	6	0	2	FALSE
"sp|P53073|EMC4_YEAST"	970	0.104426693965434	502	1015	0	6	0	2	FALSE
"sp|P53075|SHE10_YEAST"	742	-0.321576438395952	382	895	0	6	0	2	FALSE
"sp|P53081|GTPC1_YEAST"	414	-0.791832053515368	245	1088	0	6	0	1	FALSE
"sp|P53090|ARO8_YEAST"	835	0.222023349476399	344	1008	0	6	0	2	FALSE
"sp|P53111|ARI1_YEAST"	203	1.36977045422854	86	544	0	6	0	0	FALSE
"sp|P53131|PRP43_YEAST"	418	-0.787725365192459	147	993	0	6	0	0	FALSE
"sp|P53141|MLC1_YEAST"	446	-0.739672545188418	272	644	0	6	0	1	FALSE
"sp|P53145|LSG1_YEAST"	401	-0.806647727584442	159	1049	0	6	0	0	FALSE
"sp|P53163|MNP1_YEAST"	995	0.092759362899532	169	995	0	6	0	2	FALSE
"sp|P53183|YGD9_YEAST"	126	1.72990518955985	113	266	0	6	0	0	FALSE
"sp|P53184|PNC1_YEAST"	917	0.145193689495199	377	996	0	6	0	3	FALSE
"sp|P53200|AML1_YEAST"	43	3.24903848701272	16	151	1	6	0.166666666666667	0	FALSE
"sp|P53221|RL26B_YEAST"	403	-0.805775750041743	127	909	0	6	0	0	FALSE
"sp|P53235|EIF2A_YEAST"	719	-0.352596739646955	414	1097	0	6	0	1	FALSE
"sp|P53250|TWF1_YEAST"	560	-0.576082506352776	94	1032	0	6	0	1	FALSE
"sp|P53252|PIL1_YEAST"	165	-1.49671046568678	165	325	0	6	0	0	FALSE
"sp|P53254|UTP22_YEAST"	496	0.667010866711727	95	1081	0	6	0	0	FALSE
"sp|P53261|PESC_YEAST"	79	-2.13599699357508	51	271	0	6	0	0	FALSE
"sp|P53276|UTP8_YEAST"	193	-1.38984897447228	71	610	0	6	0	0	FALSE
"sp|P53295|RBG2_YEAST"	999	-0.0883384912188017	294	1036	0	6	0	3	FALSE
"sp|P53297|PBP1_YEAST"	855	-0.207869627481453	372	1040	0	6	0	2	FALSE
"sp|P53299|TIM13_YEAST"	744	0.319976520953046	142	1053	0	6	0	3	FALSE
"sp|P53301|CRH1_YEAST"	348	-0.906397054867419	216	1040	0	6	0	0	FALSE
"sp|P53303|ZPR1_YEAST"	892	0.172200016800753	437	972	0	6	0	2	FALSE
"sp|P53312|SUCB_YEAST"	873	0.192132568463563	192	1089	0	6	0	2	FALSE
"sp|P53326|YG5L_YEAST"	86	2.03371663370313	10	331	1	6	0.166666666666667	0	FALSE
"sp|P53332|COAD_YEAST"	533	-0.61142874514429	212	759	0	6	0	1	FALSE
"sp|P53334|SCW4_YEAST"	982	0.0989399205097912	306	982	0	6	0	2	FALSE
"sp|P53335|PXR1_YEAST"	8	5.97669371298666	4	46	4	6	0.666666666666667	0	TRUE
"sp|P53337|ERV29_YEAST"	26	-3.96653058021737	21	63	0	6	0	0	FALSE
"sp|P53549|PRS10_YEAST"	785	0.275337394506824	152	1021	0	6	0	1	FALSE
"sp|P53551|H1_YEAST"	1017	0.0698970446253847	254	1062	0	6	0	3	FALSE
"sp|P53598|SUCA_YEAST"	244	-1.18549435980885	201	534	0	6	0	0	FALSE
"sp|P53600|COPZ_YEAST"	226	-1.26783526486136	197	571	0	6	0	0	FALSE
"sp|P53615|CAN_YEAST"	918	0.144388154878595	134	1010	0	6	0	3	FALSE
"sp|P53622|COPA_YEAST"	68	-2.33904405869506	8	292	1	6	0.166666666666667	0	FALSE
"sp|P53633|PRA1_YEAST"	118	1.78824909391382	108	238	0	6	0	0	FALSE
"sp|P53691|PPID_YEAST"	985	-0.0981433849696681	364	1088	0	6	0	2	FALSE
"sp|P53723|YN8B_YEAST"	647	-0.443333358990264	346	960	0	6	0	1	FALSE
"sp|P53731|ARPC2_YEAST"	53	-2.8054626609734	12	201	1	6	0.166666666666667	0	FALSE
"sp|P53738|TR112_YEAST"	416	-0.789665678352117	52	907	0	6	0	0	FALSE
"sp|P53742|NOG2_YEAST"	132	1.69412996479385	33	371	0	6	0	0	FALSE
"sp|P53834|HCH1_YEAST"	696	-0.376376219576361	184	992	0	6	0	2	FALSE
"sp|P53849|GIS2_YEAST"	756	0.309740434562386	168	1007	0	6	0	2	FALSE
"sp|P53852|SYC_YEAST"	36	-3.48295703533847	24	123	0	6	0	0	FALSE
"sp|P53860|PDR16_YEAST"	454	0.731994885387501	441	702	0	6	0	1	FALSE
"sp|P53883|NOP13_YEAST"	322	-0.981439206865075	172	890	0	6	0	0	FALSE
"sp|P53889|FMP41_YEAST"	996	-0.0913076276099637	355	1056	0	6	0	2	FALSE
"sp|P53900|PFD4_YEAST"	589	0.529256755877028	282	870	0	6	0	1	FALSE
"sp|P53909|ADE_YEAST"	704	0.368771436028933	293	1048	0	6	0	2	FALSE
"sp|P53912|YNN4_YEAST;sp|P25608|YCZ2_YEAST;sp|P54007|YL460_YEAST"	578	-0.549695988170709	77	1046	0	6	0	0	FALSE
"sp|P53914|KRE33_YEAST"	217	1.29048677412312	123	627	0	6	0	0	FALSE
"sp|P53920|NM111_YEAST"	342	0.917837266839765	34	874	0	6	0	0	FALSE
"sp|P53941|IMP4_YEAST"	80	-2.11419511093626	80	162	0	6	0	0	FALSE
"sp|P53981|YNB0_YEAST"	624	-0.490600083465211	178	997	0	6	0	1	FALSE
"sp|P54000|SUB1_YEAST"	505	-0.659499852120269	136	1073	0	6	0	0	FALSE
"sp|P54003|SUR7_YEAST"	451	0.733550514876713	119	868	0	6	0	0	FALSE
"sp|P54113|PUR91_YEAST"	972	0.103112248818527	226	972	0	6	0	3	FALSE
"sp|P54115|ALDH6_YEAST"	730	-0.338353310240122	126	1070	0	6	0	2	FALSE
"sp|P54783|ALO_YEAST"	564	0.566331186356836	26	1077	0	6	0	1	FALSE
"sp|P54837|TMEDA_YEAST"	428	0.768727778167963	198	1057	0	6	0	0	FALSE
"sp|P54838|DAK1_YEAST"	1022	0.0619846132573166	303	1077	0	6	0	4	FALSE
"sp|P54839|HMCS_YEAST"	377	0.848286012634033	271	891	0	6	0	1	FALSE
"sp|P54861|DNM1_YEAST"	35	-3.55338419248155	4	123	1	6	0.166666666666667	0	FALSE
"sp|P54885|PROA_YEAST"	974	0.102334178477633	143	974	0	6	0	3	FALSE
"sp|P57744|TIM8_YEAST"	775	-0.288270272172575	166	1030	0	6	0	2	FALSE
"sp|P60010|ACT_YEAST"	913	0.149896661710717	327	1074	0	6	0	3	FALSE
"sp|P61830|H3_YEAST"	808	0.252816669174967	358	1023	0	6	0	2	FALSE
"sp|P80210|PURA_YEAST"	927	0.135455993244107	268	1063	0	6	0	2	FALSE
"sp|P80967|TOM5_YEAST"	58	-2.66663820927689	35	165	0	6	0	0	FALSE
"sp|P89886|TMA20_YEAST"	622	-0.491376298102848	229	1019	0	6	0	1	FALSE
"sp|Q00055|GPD1_YEAST"	104	1.8808099016937	94	224	0	6	0	0	FALSE
"sp|Q00245|RHO3_YEAST"	240	1.20772742286026	75	643	0	6	0	0	FALSE
"sp|Q00362|2ABA_YEAST"	795	-0.265256545422709	350	973	0	6	0	2	FALSE
"sp|Q00402|NUM1_YEAST"	1041	-0.0478860716319793	128	1081	0	6	0	4	FALSE
"sp|Q00764|TPS1_YEAST"	611	-0.505654087136704	166	984	0	6	0	1	FALSE
"sp|Q00955|ACAC_YEAST"	382	0.839609202734344	190	1044	0	6	0	0	FALSE
"sp|Q01080|RPA49_YEAST"	274	1.10101826261027	274	578	0	6	0	0	FALSE
"sp|Q01477|UBP3_YEAST"	92	-1.98954664172936	42	191	0	6	0	0	FALSE
"sp|Q01532|BLH1_YEAST"	905	-0.157986750699066	70	1001	0	6	0	3	FALSE
"sp|Q01560|NOP3_YEAST"	350	-0.903559150944946	247	1073	0	6	0	0	FALSE
"sp|Q01649|CIK1_YEAST"	211	1.31289277810321	124	503	0	6	0	0	FALSE
"sp|Q01662|MAP1_YEAST"	896	-0.167558941330386	539	939	0	6	0	2	FALSE
"sp|Q01852|TIM44_YEAST"	349	0.904673901149504	116	1041	0	6	0	0	FALSE
"sp|Q01855|RS15_YEAST"	590	-0.526760796904747	317	971	0	6	0	1	FALSE
"sp|Q01939|PRS8_YEAST"	337	-0.924587681408013	196	1008	0	6	0	0	FALSE
"sp|Q02326|RL6A_YEAST"	541	-0.602988425188054	83	1089	0	6	0	1	FALSE
"sp|Q02455|MLP1_YEAST"	789	-0.269160530900444	409	793	0	6	0	2	FALSE
"sp|Q02486|ABF2_YEAST"	391	-0.820321398067666	71	869	0	6	0	0	FALSE
"sp|Q02725|VTC3_YEAST"	256	1.14984566869986	136	821	0	6	0	0	FALSE
"sp|Q02753|RL21A_YEAST"	823	0.233297096949189	288	1059	0	6	0	2	FALSE
"sp|Q02776|TIM50_YEAST"	635	0.469009371020216	210	1022	0	6	0	2	FALSE
"sp|Q02784|GLRX5_YEAST"	633	-0.472588932739088	241	1062	0	6	0	1	FALSE
"sp|Q02795|OSTD_YEAST"	648	-0.442759194949411	189	1084	0	6	0	1	FALSE
"sp|Q02821|IMA1_YEAST"	410	0.799253986694914	211	930	0	6	0	1	FALSE
"sp|Q02892|NOG1_YEAST"	378	-0.847833309236923	102	891	0	6	0	0	FALSE
"sp|Q02908|ELP3_YEAST"	457	-0.723121965825049	149	1084	0	6	0	1	FALSE
"sp|Q02931|UTP17_YEAST"	733	-0.33217912956087	163	1091	0	6	0	3	FALSE
"sp|Q02948|BECN1_YEAST"	327	-0.969718389944065	228	1013	0	6	0	0	FALSE
"sp|Q03048|COFI_YEAST"	630	-0.477344360403414	368	1053	0	6	0	2	FALSE
"sp|Q03103|ERO1_YEAST"	839	-0.218383512910225	246	1022	0	6	0	1	FALSE
"sp|Q03161|YMY9_YEAST"	1003	-0.0806578362555995	395	1003	0	6	0	3	FALSE
"sp|Q03195|RLI1_YEAST"	530	-0.618843663007484	89	1015	0	6	0	0	FALSE
"sp|Q03219|YM44_YEAST"	1086	-0.00567206223356982	352	1086	0	6	0	3	FALSE
"sp|Q03262|PGM3_YEAST"	353	-0.89750345901471	353	496	0	6	0	1	FALSE
"sp|Q03305|RMT2_YEAST"	243	1.18621350637528	108	730	0	6	0	0	FALSE
"sp|Q03532|HAS1_YEAST"	21	-4.28579786517937	18	86	1	6	0.166666666666667	0	FALSE
"sp|Q03558|OYE2_YEAST;sp|P41816|OYE3_YEAST"	748	-0.316545249689369	363	958	0	6	0	2	FALSE
"sp|Q12414|YP11B_YEAST;sp|Q03612|YE11B_YEAST;sp|P0C2I5|YL12B_YEAST"	793	-0.265922063728748	255	1051	0	6	0	2	FALSE
"sp|Q03640|TCB3_YEAST"	597	0.518960633013386	349	1041	0	6	0	1	FALSE
"sp|Q03655|GAS3_YEAST"	252	-1.15401863690541	128	723	0	6	0	0	FALSE
"sp|Q03690|CLU_YEAST"	336	0.92884369850065	141	858	0	6	0	0	FALSE
"sp|Q03705|CG121_YEAST"	507	-0.655825535158436	81	977	0	6	0	0	FALSE
"sp|Q03771|YD161_YEAST"	443	0.743329606649687	187	1031	0	6	0	1	FALSE
"sp|Q03774|TRM82_YEAST"	712	0.359495154503279	274	1078	0	6	0	1	FALSE
"sp|Q03835|GLRX3_YEAST"	255	-1.15094876560815	65	782	0	6	0	0	FALSE
"sp|Q03862|ARX1_YEAST"	74	-2.17930811913116	48	204	0	6	0	0	FALSE
"sp|Q03940|RUVB1_YEAST"	981	-0.0993450856488961	410	1026	0	6	0	2	FALSE
"sp|Q04013|YHM2_YEAST"	559	-0.57630925542118	401	833	0	6	0	1	FALSE
"sp|Q04062|RPN9_YEAST"	41	-3.37731612643902	28	107	0	6	0	0	FALSE
"sp|Q04067|EIF3G_YEAST"	292	1.06276639717895	156	694	0	6	0	0	FALSE
"sp|Q04178|HPRT_YEAST"	95	-1.9707933440265	46	219	0	6	0	0	FALSE
"sp|Q04214|YM13B_YEAST;sp|Q12490|YB11B_YEAST;sp|Q04215|YM13A_YEAST;sp|Q12266|YB11A_YEAST"	984	0.0986376312201638	376	1071	0	6	0	3	FALSE
"sp|Q04217|DHR1_YEAST"	1010	-0.0746503159823411	347	1038	0	6	0	3	FALSE
"sp|Q04225|RRB1_YEAST"	70	-2.32101855231919	68	200	0	6	0	0	FALSE
"sp|Q04305|UTP15_YEAST"	700	-0.372602152802911	475	788	0	6	0	2	FALSE
"sp|Q04344|HNT1_YEAST"	1038	0.0485205335863884	371	1086	0	6	0	3	FALSE
"sp|Q04371|YMR7_YEAST"	1042	0.0462927873444134	77	1087	0	6	0	3	FALSE
"sp|Q04432|HSP31_YEAST"	883	-0.180752442100929	137	999	0	6	0	3	FALSE
"sp|Q04491|SEC13_YEAST"	657	-0.424690251248679	83	1064	0	6	0	1	FALSE
"sp|Q04493|PFD5_YEAST"	99	-1.94528080760729	14	362	1	6	0.166666666666667	0	FALSE
"sp|Q04636|POB3_YEAST"	73	-2.22564042434164	21	253	0	6	0	0	FALSE
"sp|Q04660|ERB1_YEAST"	1076	0.0191445846426296	375	1076	0	6	0	3	FALSE
"sp|Q04697|GSF2_YEAST"	277	-1.08609358036984	106	689	0	6	0	0	FALSE
"sp|Q04728|ARGJ_YEAST"	1002	-0.0832264980390259	418	1090	0	6	0	2	FALSE
"sp|Q04869|YM94_YEAST"	151	1.58642205532332	110	254	0	6	0	0	FALSE
"sp|Q04894|ADH6_YEAST"	579	-0.545414219798384	170	1040	0	6	0	1	FALSE
"sp|Q04947|RTN1_YEAST"	495	-0.667937225917274	106	997	0	6	0	0	FALSE
"sp|Q05016|YM71_YEAST"	1030	0.055638517444344	275	1046	0	6	0	2	FALSE
"sp|Q05022|RRP5_YEAST"	966	-0.107047484500692	281	1080	0	6	0	2	FALSE
"sp|Q05050|EIS1_YEAST"	380	0.844617272667285	90	965	0	6	0	0	FALSE
"sp|Q05359|ERP1_YEAST"	751	0.315229328598375	254	980	0	6	0	2	FALSE
"sp|Q05506|SYRC_YEAST;sp|P38714|SYRM_YEAST"	331	-0.942094352873528	325	927	0	6	0	0	FALSE
"sp|Q05515|SVF1_YEAST"	66	-2.38271435495522	25	149	0	6	0	0	FALSE
"sp|Q05518|PAL1_YEAST"	820	0.238223217886202	452	893	0	6	0	2	FALSE
"sp|Q05567|SGPL_YEAST"	886	-0.177750130312067	164	1096	0	6	0	3	FALSE
"sp|Q05584|GLO2_YEAST"	508	-0.655616635470693	416	1066	0	6	0	2	FALSE
"sp|Q05775|EIF3J_YEAST"	141	1.65656758637762	65	414	0	6	0	0	FALSE
"sp|Q05785|ENT2_YEAST"	214	1.30020142373281	54	556	0	6	0	0	FALSE
"sp|Q05905|HRI1_YEAST"	340	0.920694536517266	66	929	0	6	0	0	FALSE
"sp|Q05911|PUR8_YEAST"	566	-0.566006010560875	239	944	0	6	0	1	FALSE
"sp|Q05933|ARPC3_YEAST"	125	-1.74442484299844	17	439	1	6	0.166666666666667	0	FALSE
"sp|Q05946|UTP13_YEAST"	1095	0.00167104974856865	200	1095	0	6	0	3	FALSE
"sp|Q06103|RPN7_YEAST"	852	-0.209573830899932	153	999	0	6	0	3	FALSE
"sp|Q06106|MRD1_YEAST"	605	0.510181368742039	448	896	0	6	0	2	FALSE
"sp|Q06146|YL257_YEAST"	442	-0.749163081014774	159	1070	0	6	0	1	FALSE
"sp|Q06205|FKBP4_YEAST"	160	-1.53902182591241	35	482	0	6	0	0	FALSE
"sp|Q06214|JIP5_YEAST"	236	1.22703485172194	35	648	0	6	0	0	FALSE
"sp|Q06218|DBP9_YEAST"	474	-0.698454805125588	308	910	0	6	0	1	FALSE
"sp|Q06252|YL179_YEAST"	230	1.26053575769078	219	518	0	6	0	0	FALSE
"sp|Q06287|NEP1_YEAST"	773	-0.290343432943935	229	1068	0	6	0	2	FALSE
"sp|Q06338|BCP1_YEAST"	861	-0.203517619288105	34	1015	0	6	0	1	FALSE
"sp|Q06385|VPS74_YEAST"	338	0.921573737284972	267	1067	0	6	0	1	FALSE
"sp|Q06405|ATPK_YEAST"	307	1.02942571722435	206	793	0	6	0	0	FALSE
"sp|Q06406|LSM6_YEAST"	144	1.62110821185079	31	450	0	6	0	0	FALSE
"sp|Q06440|CORO_YEAST"	20	-4.51307421955997	20	62	1	6	0.166666666666667	0	TRUE
"sp|Q06489|MTNA_YEAST"	89	-2.02714912286387	36	280	0	6	0	0	FALSE
"sp|Q06505|IWS1_YEAST"	842	-0.217378772407129	171	1048	0	6	0	1	FALSE
"sp|Q06523|YP148_YEAST"	934	0.128829474872081	316	952	0	6	0	3	FALSE
"sp|Q06631|BFR2_YEAST"	183	-1.43437729731742	100	479	0	6	0	0	FALSE
"sp|Q06697|CDC73_YEAST"	185	-1.42689938486813	55	583	0	6	0	0	FALSE
"sp|Q06705|CSR1_YEAST"	329	0.961541092446377	118	989	0	6	0	0	FALSE
"sp|Q06706|ELP1_YEAST"	811	-0.248458890415727	338	1047	0	6	0	2	FALSE
"sp|Q07381|TSR1_YEAST"	208	1.343233232184	51	561	0	6	0	0	FALSE
"sp|Q07451|YET3_YEAST"	801	-0.257871750380385	128	1064	0	6	0	1	FALSE
"sp|Q07478|SUB2_YEAST"	486	0.675579768438234	314	634	0	6	0	1	FALSE
"sp|Q07505|DLHH_YEAST"	916	0.146011757237202	176	1066	0	6	0	3	FALSE
"sp|Q07541|YD121_YEAST"	645	0.444591441993737	103	1021	0	6	0	1	FALSE
"sp|Q07551|KAR_YEAST"	640	-0.455354491115779	230	994	0	6	0	2	FALSE
"sp|Q07623|NOP6_YEAST"	599	-0.517637277438525	342	1024	0	6	0	1	FALSE
"sp|Q07657|SHS1_YEAST"	614	0.502577559980543	87	1007	0	6	0	1	FALSE
"sp|Q07896|NOC3_YEAST"	747	0.317906240059597	343	935	0	6	0	2	FALSE
"sp|Q07915|RLP24_YEAST"	864	0.201348947761943	172	1026	0	6	0	3	FALSE
"sp|Q08004|BUD20_YEAST"	190	-1.40192555718981	105	447	0	6	0	0	FALSE
"sp|Q08096|RCL1_YEAST"	386	0.828098498617184	356	614	0	6	0	1	FALSE
"sp|Q08179|MDM38_YEAST"	563	-0.566360012550278	52	1070	0	6	0	1	FALSE
"sp|Q08193|GAS5_YEAST"	502	0.660140818667988	125	1052	0	6	0	1	FALSE
"sp|Q08208|NOP12_YEAST"	205	1.35672611783033	113	601	0	6	0	0	FALSE
"sp|Q08220|GSHB_YEAST"	330	-0.951229527230304	150	875	0	6	0	0	FALSE
"sp|Q08224|THI20_YEAST;sp|Q08975|THI21_YEAST"	117	-1.78854726853805	23	408	0	6	0	0	FALSE
"sp|Q08225|DPP3_YEAST"	643	-0.449962542992621	310	874	0	6	0	1	FALSE
"sp|Q08235|BRX1_YEAST"	148	-1.59945897775752	74	402	0	6	0	0	FALSE
"sp|Q08245|ZEO1_YEAST"	218	-1.28430814967918	133	528	0	6	0	0	FALSE
"sp|Q08299|ENB1_YEAST"	544	-0.598599818897005	273	1019	0	6	0	1	FALSE
"sp|Q08548|ALE1_YEAST"	1016	-0.0702825545372844	339	1082	0	6	0	2	FALSE
"sp|Q08641|AB140_YEAST"	361	0.879353327771245	98	990	0	6	0	0	FALSE
"sp|Q08686|THTR_YEAST"	300	1.04072499504838	300	696	0	6	0	0	FALSE
"sp|Q08687|TMA16_YEAST"	637	0.466537521608044	436	987	0	6	0	2	FALSE
"sp|Q08723|RPN8_YEAST"	914	0.149286296720915	221	994	0	6	0	3	FALSE
"sp|Q08745|RS10A_YEAST"	516	-0.641406888032665	352	973	0	6	0	1	FALSE
"sp|Q08746|RRS1_YEAST"	841	-0.217527226480433	361	1037	0	6	0	2	FALSE
"sp|Q08951|AP3D_YEAST"	239	-1.21657950557002	54	619	0	6	0	0	FALSE
"sp|Q08954|YP199_YEAST"	625	-0.488270112702351	124	1090	0	6	0	1	FALSE
"sp|Q08962|NIP7_YEAST"	610	0.50569458425528	127	1037	0	6	0	1	FALSE
"sp|Q08971|YP225_YEAST"	297	1.05086650107176	67	770	0	6	0	0	FALSE
"sp|Q08972|NEW1_YEAST"	464	0.716343415318867	159	1045	0	6	0	0	FALSE
"sp|Q08977|YP260_YEAST"	598	0.518762226917507	109	1000	0	6	0	1	FALSE
"sp|Q08985|SAM4_YEAST;sp|Q04898|YM99_YEAST"	1057	0.0317144070111278	41	1057	0	6	0	3	FALSE
"sp|Q12000|TMA46_YEAST"	948	0.119982714350626	256	970	0	6	0	3	FALSE
"sp|Q12009|TRMB_YEAST"	310	1.01392987124466	129	855	0	6	0	0	FALSE
"sp|Q12010|YPQ1_YEAST"	674	-0.407219777236867	331	1088	0	6	0	2	FALSE
"sp|Q12017|PLP2_YEAST"	511	-0.647478789253321	59	1015	0	6	0	0	FALSE
"sp|Q12019|MDN1_YEAST"	395	-0.815136679783128	268	1097	0	6	0	0	FALSE
"sp|Q12040|YO283_YEAST"	374	-0.853375506031177	97	987	0	6	0	0	FALSE
"sp|Q12068|GRE2_YEAST"	61	-2.57050119356409	22	208	0	6	0	0	FALSE
"sp|Q12074|SPEE_YEAST"	352	-0.898975338797664	140	875	0	6	0	0	FALSE
"sp|Q12078|SMF3_YEAST"	128	-1.71785444574333	24	449	0	6	0	0	FALSE
"sp|Q12109|SYWC_YEAST"	313	-1.0107389394753	232	901	0	6	0	0	FALSE
"sp|Q12114|CHS5_YEAST"	978	0.0998000090377108	416	978	0	6	0	3	FALSE
"sp|Q12117|MRH1_YEAST"	519	-0.638029862855013	397	935	0	6	0	1	FALSE
"sp|Q12118|SGT2_YEAST"	706	-0.368059146397348	367	917	0	6	0	2	FALSE
"sp|Q12122|HOSM_YEAST"	691	-0.381155065993158	117	1092	0	6	0	3	FALSE
"sp|Q12136|SAS10_YEAST"	30	-3.67878194459606	18	137	1	6	0.166666666666667	0	FALSE
"sp|Q12149|RRP6_YEAST"	156	-1.5488175521977	92	316	0	6	0	0	FALSE
"sp|Q12154|GET3_YEAST"	482	0.687375484153398	117	1096	0	6	0	0	FALSE
"sp|Q12156|AIM7_YEAST"	369	0.860771425614128	155	962	0	6	0	0	FALSE
"sp|Q12159|YRA1_YEAST"	72	-2.29743013681616	2	304	1	6	0.166666666666667	0	FALSE
"sp|Q12164|POM33_YEAST"	83	-2.08527990427741	83	202	0	6	0	0	FALSE
"sp|Q12178|FCY1_YEAST"	384	-0.833056312935614	365	616	0	6	0	1	FALSE
"sp|Q12189|RPIA_YEAST"	689	0.384964619241191	441	1087	0	6	0	2	FALSE
"sp|Q12207|NCE2_YEAST"	435	-0.757701986538349	244	979	0	6	0	1	FALSE
"sp|Q12211|PUS1_YEAST"	38	3.44226964546425	12	131	1	6	0.166666666666667	0	FALSE
"sp|Q12220|UTP12_YEAST"	424	-0.777151463567823	111	882	0	6	0	0	FALSE
"sp|Q12230|LSP1_YEAST"	859	0.205123402736326	379	1061	0	6	0	3	FALSE
"sp|Q12233|ATPN_YEAST"	219	1.28406176263136	53	560	0	6	0	0	FALSE
"sp|Q12250|RPN5_YEAST"	131	1.71284930886089	29	407	0	6	0	0	FALSE
"sp|Q12265|KPR5_YEAST"	766	0.298050396405671	356	1010	0	6	0	1	FALSE
"sp|Q12271|INP53_YEAST"	405	-0.804321498219788	351	981	0	6	0	0	FALSE
"sp|Q12285|MDY2_YEAST"	977	-0.10014295829676	329	1067	0	6	0	3	FALSE
"sp|Q12305|RDL1_YEAST"	308	-1.02670886841448	222	966	0	6	0	0	FALSE
"sp|Q12306|SMT3_YEAST"	607	-0.509494169290126	274	856	0	6	0	1	FALSE
"sp|Q12314|SFM1_YEAST"	628	0.483122338582767	61	1080	0	6	0	0	FALSE
"sp|Q12335|PST2_YEAST"	788	0.269960078017389	114	1025	0	6	0	3	FALSE
"sp|Q12359|ATO3_YEAST"	247	1.17237909609923	94	695	0	6	0	0	FALSE
"sp|Q12363|WTM1_YEAST"	680	0.402427740336716	358	1029	0	6	0	1	FALSE
"sp|Q12377|RPN6_YEAST"	339	-0.92079346758284	120	831	0	6	0	0	FALSE
"sp|Q12389|DBP10_YEAST"	618	0.49651173441142	234	950	0	6	0	1	FALSE
"sp|Q12402|YOP1_YEAST"	468	-0.708930869797245	240	934	0	6	0	1	FALSE
"sp|Q12434|GDIR_YEAST"	1007	-0.0790966073281812	284	1007	0	6	0	2	FALSE
"sp|Q12447|PAA1_YEAST"	316	-0.999469703255821	306	1017	0	6	0	0	FALSE
"sp|Q12449|AHA1_YEAST"	664	-0.418327267036444	167	1085	0	6	0	1	FALSE
"sp|Q12452|ERG27_YEAST"	805	-0.253880644334148	173	1083	0	6	0	3	FALSE
"sp|Q12458|YPR1_YEAST"	876	0.191627783327172	169	978	0	6	0	3	FALSE
"sp|Q12460|NOP56_YEAST"	1058	-0.0310433194151875	478	1058	0	6	0	3	FALSE
"sp|Q12464|RUVB2_YEAST"	695	0.37652729918366	332	924	0	6	0	1	FALSE
"sp|Q12466|TCB1_YEAST"	627	0.484790069311897	410	989	0	6	0	1	FALSE
"sp|Q12480|ETFA_YEAST"	431	-0.759689371561816	169	1089	0	6	0	0	FALSE
"sp|Q12496|YO098_YEAST"	882	0.181849789938336	235	1067	0	6	0	2	FALSE
"sp|Q12499|NOP58_YEAST"	800	-0.258301946771537	340	1003	0	6	0	2	FALSE
"sp|Q12522|IF6_YEAST"	814	-0.245350896317205	551	858	0	6	0	2	FALSE
"sp|Q12532|TAE2_YEAST"	867	0.200784460441694	298	1078	0	6	0	3	FALSE
"sp|Q12680|GLT1_YEAST"	309	-1.01800971402524	131	902	0	6	0	0	FALSE
"sp|Q12692|H2AZ_YEAST"	828	-0.229826939390211	80	1022	0	6	0	1	FALSE
"sp|Q12746|PGA3_YEAST"	319	-0.989213141808094	50	867	0	6	0	0	FALSE
"sp|Q12754|RRP12_YEAST"	112	-1.81645387330148	111	234	0	6	0	0	FALSE
"sp|Q3E747|YL363_YEAST"	964	0.108789864960544	327	1074	0	6	0	3	FALSE
"sp|Q3E764|TMA7_YEAST"	149	1.59815564590328	86	394	0	6	0	0	FALSE
"sp|Q3E772|YG169_YEAST"	1027	-0.0569244939480179	247	1043	0	6	0	3	FALSE
"sp|Q3E7Y3|RS22B_YEAST;sp|P0C0W1|RS22A_YEAST"	14	-4.89666247816956	7	64	2	6	0.333333333333333	0	TRUE
"sp|Q3E834|YOS1_YEAST"	271	1.11019067960146	9	734	1	6	0.166666666666667	0	FALSE
"sp|Q6Q547|NOP10_YEAST"	976	-0.100674610766153	436	1055	0	6	0	2	FALSE
"sp|Q96VH5|MIC10_YEAST"	269	1.11859893205299	210	704	0	6	0	0	FALSE
"sp|Q99207|NOP14_YEAST"	587	0.533124249898288	500	1064	0	6	0	1	FALSE
"sp|Q99216|PNO1_YEAST"	732	0.335434735234337	125	1024	0	6	0	1	FALSE
"sp|Q99257|MEX67_YEAST"	264	-1.13899640956486	12	724	1	6	0.166666666666667	0	FALSE
"sp|Q99258|RIB3_YEAST"	449	0.736051705208167	163	965	0	6	0	0	FALSE
"sp|Q99383|HRP1_YEAST"	1051	-0.0356012935827009	357	1051	0	6	0	4	FALSE
