"feature_id"	"property"	"deleted_index"	"deleted_unit"
"DYNLT1"	"membership"	2	"1015"
"DYNLT1"	"membership"	4	"1039"
"LY6E"	"membership"	1	"101"
"LY6E"	"membership"	4	"1039"
"PSMB8_ENSG00000204264"	"membership"	1	"101"
"PSMB8_ENSG00000204264"	"membership"	4	"1039"
"IRF7"	"membership"	4	"1039"
"IFITM2"	"membership"	4	"1039"
"EPSTI1"	"membership"	4	"1039"
"SAMD9"	"membership"	4	"1039"
"UBE2L6"	"membership"	1	"101"
"UBE2L6"	"membership"	4	"1039"
"C5orf56"	"membership"	4	"1039"
"CXCL11"	"membership"	4	"1039"
"SOBP"	"membership"	4	"1039"
"SP110"	"membership"	2	"1015"
"TAP1_ENSG00000168394"	"membership"	1	"101"
"DRAP1"	"membership"	1	"101"
