sample_id	donor_id	group	cell_type	n_cells	source_samples
PB000107	101	ctrl	NK cells	70	"[""101_ctrl""]"
PB000108	101	stim	NK cells	104	"[""101_stim""]"
PB000109	1015	ctrl	NK cells	177	"[""1015_ctrl""]"
PB000110	1015	stim	NK cells	195	"[""1015_stim""]"
PB000111	1016	ctrl	NK cells	128	"[""1016_ctrl""]"
PB000112	1016	stim	NK cells	195	"[""1016_stim""]"
PB000113	1039	ctrl	NK cells	19	"[""1039_ctrl""]"
PB000114	1039	stim	NK cells	24	"[""1039_stim""]"
PB000115	107	ctrl	NK cells	40	"[""107_ctrl""]"
PB000116	107	stim	NK cells	46	"[""107_stim""]"
PB000117	1244	ctrl	NK cells	105	"[""1244_ctrl""]"
PB000118	1244	stim	NK cells	114	"[""1244_stim""]"
PB000119	1256	ctrl	NK cells	261	"[""1256_ctrl""]"
PB000120	1256	stim	NK cells	231	"[""1256_stim""]"
PB000121	1488	ctrl	NK cells	116	"[""1488_ctrl""]"
PB000122	1488	stim	NK cells	168	"[""1488_stim""]"
