deleted_unit	group	topk_changed	jaccard	exited_features	entered_features
Golub_train_01	ALL	True	0.9047619047619048	"[""S50223_at""]"	"[""M83233_at""]"
Golub_train_02	ALL	True	0.9047619047619048	"[""S50223_at""]"	"[""X59350_at""]"
Golub_train_03	ALL	True	0.7391304347826086	"[""U32944_at"", ""L07758_at"", ""S50223_at""]"	"[""U49020_cds2_s_at"", ""M89957_at"", ""U79285_at""]"
Golub_train_04	ALL	True	0.9047619047619048	"[""S50223_at""]"	"[""U29175_at""]"
Golub_train_05	ALL	True	0.9047619047619048	"[""S50223_at""]"	"[""U29175_at""]"
Golub_train_06	ALL	True	0.9047619047619048	"[""S50223_at""]"	"[""U49020_cds2_s_at""]"
Golub_train_07	ALL	False	1.0	[]	[]
Golub_train_08	ALL	True	0.8181818181818182	"[""X15949_at"", ""S50223_at""]"	"[""X59350_at"", ""U27460_at""]"
Golub_train_09	ALL	True	0.9047619047619048	"[""S50223_at""]"	"[""M89957_at""]"
Golub_train_10	ALL	True	0.9047619047619048	"[""S50223_at""]"	"[""Y08612_at""]"
Golub_train_11	ALL	True	0.8181818181818182	"[""L07758_at"", ""S50223_at""]"	"[""X59350_at"", ""X66401_cds1_at""]"
Golub_train_12	ALL	True	0.9047619047619048	"[""M12959_s_at""]"	"[""U29175_at""]"
Golub_train_13	ALL	True	0.9047619047619048	"[""S50223_at""]"	"[""M92287_at""]"
Golub_train_14	ALL	True	0.8181818181818182	"[""X15949_at"", ""S50223_at""]"	"[""M89957_at"", ""M11722_at""]"
Golub_train_15	ALL	True	0.9047619047619048	"[""S50223_at""]"	"[""M92287_at""]"
Golub_train_16	ALL	False	1.0	[]	[]
Golub_train_17	ALL	True	0.6666666666666666	"[""U62136_at"", ""X15949_at"", ""U32944_at"", ""S50223_at""]"	"[""X59350_at"", ""M94633_at"", ""M89957_at"", ""D86479_at""]"
Golub_train_18	ALL	True	0.7391304347826086	"[""M12959_s_at"", ""X15949_at"", ""U32944_at""]"	"[""M29696_at"", ""M11722_at"", ""Z69881_at""]"
Golub_train_19	ALL	False	1.0	[]	[]
Golub_train_20	ALL	True	0.9047619047619048	"[""S50223_at""]"	"[""M92287_at""]"
Golub_train_21	ALL	True	0.8181818181818182	"[""X15949_at"", ""S50223_at""]"	"[""M92287_at"", ""Z69881_at""]"
Golub_train_22	ALL	True	0.8181818181818182	"[""L07758_at"", ""S50223_at""]"	"[""X63753_at"", ""D38073_at""]"
Golub_train_23	ALL	True	0.9047619047619048	"[""S50223_at""]"	"[""U49020_cds2_s_at""]"
Golub_train_24	ALL	True	0.9047619047619048	"[""S50223_at""]"	"[""M92287_at""]"
Golub_train_25	ALL	True	0.9047619047619048	"[""S50223_at""]"	"[""U73737_at""]"
Golub_train_26	ALL	False	1.0	[]	[]
Golub_train_27	ALL	True	0.9047619047619048	"[""U32944_at""]"	"[""X62535_at""]"
Golub_train_28	AML	True	0.8181818181818182	"[""U62136_at"", ""S50223_at""]"	"[""D38073_at"", ""Y08612_at""]"
Golub_train_29	AML	True	0.48148148148148145	"[""HG1612-HT1612_at"", ""M91432_at"", ""X51521_at"", ""U26266_s_at"", ""M12959_s_at"", ""U32944_at"", ""L07758_at""]"	"[""U20998_at"", ""D87078_at"", ""M19311_s_at"", ""X63469_at"", ""X68560_at"", ""M92287_at"", ""M60527_at""]"
Golub_train_30	AML	True	0.7391304347826086	"[""M31211_s_at"", ""L07758_at"", ""S50223_at""]"	"[""HG2855-HT2995_at"", ""X63753_at"", ""M29536_at""]"
Golub_train_31	AML	True	0.6666666666666666	"[""J05243_at"", ""U62136_at"", ""L07758_at"", ""S50223_at""]"	"[""X59350_at"", ""D14658_at"", ""L20298_at"", ""D86967_at""]"
Golub_train_32	AML	True	0.6666666666666666	"[""U62136_at"", ""X15949_at"", ""U32944_at"", ""L07758_at""]"	"[""J04615_at"", ""M11722_at"", ""L05148_at"", ""U97105_at""]"
Golub_train_33	AML	True	0.7391304347826086	"[""M31211_s_at"", ""U62136_at"", ""S50223_at""]"	"[""M29696_at"", ""U72342_at"", ""U49020_cds2_s_at""]"
Golub_train_34	AML	True	0.7391304347826086	"[""M31211_s_at"", ""L07758_at"", ""S50223_at""]"	"[""X62535_at"", ""Z69881_at"", ""U29175_at""]"
Golub_train_35	AML	True	0.6666666666666666	"[""J05243_at"", ""M31211_s_at"", ""U62136_at"", ""L07758_at""]"	"[""M92287_at"", ""U49844_at"", ""D38524_at"", ""U05259_rna1_at""]"
Golub_train_36	AML	True	0.9047619047619048	"[""S50223_at""]"	"[""X59350_at""]"
Golub_train_37	AML	True	0.7391304347826086	"[""M31211_s_at"", ""L07758_at"", ""S50223_at""]"	"[""M89957_at"", ""Y08612_at"", ""U73737_at""]"
Golub_train_38	AML	True	0.7391304347826086	"[""M31211_s_at"", ""L07758_at"", ""S50223_at""]"	"[""X59417_at"", ""U73737_at"", ""X70394_at""]"
