"sample_id"	"donor_id"	"group"	"diet"
"mouse_1"	"mouse_1"	"wt"	"lin"
"mouse_2"	"mouse_2"	"wt"	"sun"
"mouse_3"	"mouse_3"	"wt"	"sun"
"mouse_4"	"mouse_4"	"wt"	"fish"
"mouse_5"	"mouse_5"	"wt"	"ref"
"mouse_6"	"mouse_6"	"wt"	"coc"
"mouse_7"	"mouse_7"	"wt"	"lin"
"mouse_8"	"mouse_8"	"wt"	"lin"
"mouse_9"	"mouse_9"	"wt"	"fish"
"mouse_10"	"mouse_10"	"wt"	"coc"
"mouse_11"	"mouse_11"	"wt"	"fish"
"mouse_12"	"mouse_12"	"wt"	"ref"
"mouse_13"	"mouse_13"	"wt"	"sun"
"mouse_14"	"mouse_14"	"wt"	"ref"
"mouse_15"	"mouse_15"	"wt"	"sun"
"mouse_16"	"mouse_16"	"wt"	"lin"
"mouse_17"	"mouse_17"	"wt"	"coc"
"mouse_18"	"mouse_18"	"wt"	"fish"
"mouse_19"	"mouse_19"	"wt"	"coc"
"mouse_20"	"mouse_20"	"wt"	"ref"
"mouse_21"	"mouse_21"	"ppar"	"coc"
"mouse_22"	"mouse_22"	"ppar"	"ref"
"mouse_23"	"mouse_23"	"ppar"	"sun"
"mouse_24"	"mouse_24"	"ppar"	"fish"
"mouse_25"	"mouse_25"	"ppar"	"sun"
"mouse_26"	"mouse_26"	"ppar"	"ref"
"mouse_27"	"mouse_27"	"ppar"	"ref"
"mouse_28"	"mouse_28"	"ppar"	"lin"
"mouse_29"	"mouse_29"	"ppar"	"fish"
"mouse_30"	"mouse_30"	"ppar"	"lin"
"mouse_31"	"mouse_31"	"ppar"	"coc"
"mouse_32"	"mouse_32"	"ppar"	"coc"
"mouse_33"	"mouse_33"	"ppar"	"ref"
"mouse_34"	"mouse_34"	"ppar"	"sun"
"mouse_35"	"mouse_35"	"ppar"	"fish"
"mouse_36"	"mouse_36"	"ppar"	"coc"
"mouse_37"	"mouse_37"	"ppar"	"lin"
"mouse_38"	"mouse_38"	"ppar"	"fish"
"mouse_39"	"mouse_39"	"ppar"	"lin"
"mouse_40"	"mouse_40"	"ppar"	"sun"
